Kanji	Reading	Audio	Rank according to residents	Population_(2020)	Prefecture	Map	Map_zoomed	Map_empty
東京	とうきょう	pronunciation_ja_東京.mp3	1	9.744.534	東京都	1_Tokio.png	東京_zoomed.png	japan pref.png
横浜	よこはま	pronunciation_ja_横浜.mp3	2	3.778.318	神奈川県	2_Yokohama.png	横浜_zoomed.png	japan pref.png
大阪	おおさか	pronunciation_ja_大阪.mp3	3	2.754.742	大阪府	3_Osaka.png	大阪_zoomed.png	japan pref.png
名古屋	なごや	pronunciation_ja_名古屋.mp3	4	2.333.406	愛知県	4_Nagoya.png	名古屋_zoomed.png	japan pref.png
札幌	さっぽろ	pronunciation_ja_札幌.ogg	5	1.975.065	北海道	5_Sapporo.png	札幌_zoomed.png	japan pref.png
福岡	ふくおか	pronunciation_ja_福岡.ogg	6	1.613.361	富山県	6_Fukuoka.png	福岡_zoomed.png	japan pref.png
川崎	かわさき	pronunciation_ja_川崎.ogg	7	1.539.081	神奈川県	7_Kawasaki.png	川崎_zoomed.png	japan pref.png
神戸	こうべ	pronunciation_ja_神戸.ogg	8	1.527.022	兵庫県	8_Kobe.png	神戸_zoomed.png	japan pref.png
京都	きょうと	pronunciation_ja_京都.ogg	9	1.464.890	京都府	9_Kyoto.png	京都_zoomed.png	japan pref.png
埼玉	さいたま	pronunciation_ja_埼玉.ogg	10	1.324.591	埼玉県	10_Saitama.png	埼玉_zoomed.png	japan pref.png
広島	ひろしま	pronunciation_ja_広島.mp3	11	1.201.281	広島県	11_Hiroshima.png	広島_zoomed.png	japan pref.png
仙台	せんだい	pronunciation_ja_仙台.ogg	12	1.097.196	宮城県	12_Sendai.png	仙台_zoomed.png	japan pref.png
千葉	ちば	pronunciation_ja_千葉.ogg	13	975.210	千葉県	13_Chiba.png	千葉_zoomed.png	japan pref.png
北九州	きたきゅうしゅう	pronunciation_ja_北九州.ogg	14	939.622	福岡県	14_Kitakyushu.png	北九州_zoomed.png	japan pref.png
堺	さかい	pronunciation_ja_堺.ogg	15	826.447	大阪府	15_Sakai.png	堺_zoomed.png	japan pref.png
浜松	はままつ	pronunciation_ja_浜松.ogg	16	791.155	静岡県	16_Hamamatsu.png	浜松_zoomed.png	japan pref.png
新潟	にいがた	pronunciation_ja_新潟.ogg	17	789.715	新潟県	17_Niigata.png	新潟_zoomed.png	japan pref.png
熊本	くまもと	pronunciation_ja_熊本.ogg	18	738.744	熊本県	18_Kumamoto.png	熊本_zoomed.png	japan pref.png
相模原	さがみはら	pronunciation_ja_相模原.ogg	19	725.302	神奈川県	19_Sagamihara.png	相模原_zoomed.png	japan pref.png
岡山	おかやま	pronunciation_ja_岡山.mp3	20	725.108	岡山県	20_Okayama.png	岡山_zoomed.png	japan pref.png
静岡	しずおか	pronunciation_ja_静岡.mp3	21	693.759	静岡県	21_Shizuoka.png	静岡_zoomed.png	japan pref.png
船橋	ふなばし	pronunciation_ja_船橋.ogg	22	642.972	千葉県	22_Funabashi.png	船橋_zoomed.png	japan pref.png
川口	かわぐち	pronunciation_ja_川口.mp3	23	594.461	埼玉県	23_Kawaguchi.png	川口_zoomed.png	japan pref.png
鹿児島	かごしま	pronunciation_ja_鹿児島.ogg	24	593.460	鹿児島県	24_Kagoshima.png	鹿児島_zoomed.png	japan pref.png
八王子	はちおうじ	pronunciation_ja_八王子.ogg	25	579.605	東京都	25_Hachioji.png	八王子_zoomed.png	japan pref.png
姫路	ひめじ	pronunciation_ja_姫路.ogg	26	530.723	兵庫県	26_Himeji.png	姫路_zoomed.png	japan pref.png
宇都宮	うつのみや	pronunciation_ja_宇都宮.ogg	27	519.026	栃木県	27_Utsunomiya.png	宇都宮_zoomed.png	japan pref.png
松山	まつやま	pronunciation_ja_松山.ogg	28	511.569	愛媛県	28_Matsuyama.png	松山_zoomed.png	japan pref.png
松戸	まつど	pronunciation_ja_松戸.mp3	29	498.293	千葉県	29_Matsudo.png	松戸_zoomed.png	japan pref.png
市川	いちかわ	pronunciation_ja_市川.ogg	30	496.943	千葉県	30_Ichikawa.png	市川_zoomed.png	japan pref.png
東大阪	ひがしおおさか	chrome_mMI5SWQ3Ma.mp3	31	494.074	大阪府	31_Higashiosaka.png	東大阪_zoomed.png	japan pref.png
西宮	にしのみや	pronunciation_ja_西宮.ogg	32	485.705	兵庫県	32_Nishinomiya.png	西宮_zoomed.png	japan pref.png
大分	おおいた	pronunciation_ja_大分.mp3	33	475.852	大分県	33_Oita.png	大分_zoomed.png	japan pref.png
倉敷	くらしき	pronunciation_ja_倉敷.ogg	34	474.793	岡山県	34_Kurashiki.png	倉敷_zoomed.png	japan pref.png
金沢	かなざわ	pronunciation_ja_金沢.mp3	35	463.583	石川県	35_Kanazawa.png	金沢_zoomed.png	japan pref.png
福山	ふくやま	oddcast-2976e04a-65618266-081995bc-0df8f763-04bc6243.mp3	36	461.268	広島県	36_Fukuyama.png	福山_zoomed.png	japan pref.png
尼崎	あまがさき	pronunciation_ja_尼崎.ogg	37	459.717	兵庫県	37_Amagasaki.png	尼崎_zoomed.png	japan pref.png
藤沢	ふじさわ	pronunciation_ja_藤沢.mp3	38	437.155	神奈川県	38_Fujisawa.png	藤沢_zoomed.png	japan pref.png
町田	まちだ	pronunciation_ja_町田.mp3	39	431.525	東京都	39_Machida.png	町田_zoomed.png	japan pref.png
柏	かしわ	pronunciation_ja_柏.ogg	40	426.552	千葉県	40_Kashiwa.png	柏_zoomed.png	japan pref.png
豊田	とよた	pronunciation_ja_豊田.ogg	41	422.511	東京都	41_Toyoda.png	豊田_zoomed.png	japan pref.png
高松	たかまつ	pronunciation_ja_高松.mp3	42	417.803	香川県	42_Takamatsu.png	高松_zoomed.png	japan pref.png
富山	とやま	pronunciation_ja_富山.mp3	43	414.171	富山県	43_Toyama.png	富山_zoomed.png	japan pref.png
長崎	ながさき	pronunciation_ja_長崎.ogg	44	409.305	長崎県	44_Nagasaki.png	長崎_zoomed.png	japan pref.png
岐阜	ぎふ	pronunciation_ja_岐阜.mp3	45	402.742	岐阜県	45_Gifu.png	岐阜_zoomed.png	japan pref.png
豊中	とよなか	chrome_cWtp8nPoAV.mp3	46	401.818	大阪府	46_Toyonaka.png	豊中_zoomed.png	japan pref.png
宮崎	みやざき	pronunciation_ja_宮崎.ogg	47	401.591	宮崎県	47_Miyazaki.png	宮崎_zoomed.png	japan pref.png
枚方	ひらかた	pronunciation_ja_枚方.ogg	48	397.596	大阪府	48_Hirakata.png	枚方_zoomed.png	japan pref.png
横須賀	よこすか	pronunciation_ja_横須賀.mp3	49	388.504	神奈川県	49_Yokosuka.png	横須賀_zoomed.png	japan pref.png
吹田	すいた	pronunciation_ja_吹田.ogg	50	385.787	大阪府	50_Suita.png	吹田_zoomed.png	japan pref.png
岡崎	おかざき	pronunciation_ja_岡崎.mp3	51	384.805	愛知県	51_Okazaki.png	岡崎_zoomed.png	japan pref.png
一宮	いちのみや	pronunciation_ja_一宮.ogg	52	379.981	香川県	52_Ichinomiya.png	一宮_zoomed.png	japan pref.png
長野	ながの	pronunciation_ja_長野.mp3	53	373.251	長野県	53_Nagano.png	長野_zoomed.png	japan pref.png
高崎	たかさき	pronunciation_ja_高崎.ogg	54	373.218	群馬県	54_Takasaki.png	高崎_zoomed.png	japan pref.png
豊橋	とよはし	pronunciation_ja_豊橋.mp3	55	372.134	愛知県	55_Toyohashi.png	豊橋_zoomed.png	japan pref.png
和歌山	わかやま	pronunciation_ja_和歌山.ogg	56	356.858	和歌山県	56_Wakayama.png	和歌山_zoomed.png	japan pref.png
奈良	なら	pronunciation_ja_奈良.mp3	57	354.833	奈良県	57_Nara.png	奈良_zoomed.png	japan pref.png
川越	かわごえ	pronunciation_ja_川越.ogg	58	354.680	埼玉県	58_Kawagoe.png	川越_zoomed.png	japan pref.png
高槻	たかつき	pronunciation_ja_高槻.ogg	59	352.876	大阪府	59_Takatsuki.png	高槻_zoomed.png	japan pref.png
大津	おおつ	pronunciation_ja_大津.ogg	60	345.202	滋賀県	60_Otsu.png	大津_zoomed.png	japan pref.png
所沢	ところざわ	pronunciation_ja_所沢.mp3	61	342.535	埼玉県	61_Tkorozawa.png	所沢_zoomed.png	japan pref.png
越谷	こしがや	pronunciation_ja_越谷.mp3	62	341.765	埼玉県	62_Koshigaya.png	越谷_zoomed.png	japan pref.png
磐城	いわき	pronunciation_ja_磐城.mp3	63	333.202	奈良県	63_Iwaki.png	磐城_zoomed.png	japan pref.png
前橋	まえばし	pronunciation_ja_前橋.ogg	64	332.332	群馬県	64_Maebashi.png	前橋_zoomed.png	japan pref.png
旭川	あさひかわ	pronunciation_ja_旭川.ogg	65	329.513	北海道	65_Asahikawa.png	旭川_zoomed.png	japan pref.png
郡山	こおりやま	pronunciation_ja_郡山.ogg	66	327.872	福島県	66_Koriyama.png	郡山_zoomed.png	japan pref.png
高知	こうち	pronunciation_ja_高知.ogg	67	326.814	高知県	67_Kochi.png	高知_zoomed.png	japan pref.png
那覇	なは	pronunciation_ja_那覇.ogg	68	317.832	沖縄県	68_Naha.png	那覇_zoomed.png	japan pref.png
春日井	かすがい	pronunciation_ja_春日井.mp3	69	308.832	愛知県	69_Kasugai.png	春日井_zoomed.png	japan pref.png
秋田	あきた	pronunciation_ja_秋田.mp3	70	307.885	秋田県	70_Akita.png	秋田_zoomed.png	japan pref.png
四日市	よっかいち	pronunciation_ja_四日市.mp3	71	305.744	三重県	71_Yokkaichi.png	四日市_zoomed.png	japan pref.png
明石	あかし	pronunciation_ja_明石.ogg	72	303.838	兵庫県	72_Akashi.png	明石_zoomed.png	japan pref.png
久留米	くるめ	pronunciation_ja_久留米.mp3	73	303.496	福岡県	73_Kurume.png	久留米_zoomed.png	japan pref.png
盛岡	もりおか	pronunciation_ja_盛岡.mp3	74	289.893	岩手県	74_Morioka.png	盛岡_zoomed.png	japan pref.png
茨木	いばらき	pronunciation_ja_茨木.ogg	75	288.014	大阪府	75_Ibaragi.png	茨木_zoomed.png	japan pref.png
福島	ふくしま	pronunciation_ja_福島.ogg	76	282.802	福島県	76_Fukushima.png	福島_zoomed.png	japan pref.png
青森	あおもり	pronunciation_ja_青森.mp3	77	275.340	青森県	77_Aomori.png	青森_zoomed.png	japan pref.png
津	つ	chrome_g3X8OXgG5K.mp3	78	274.759	三重県	78_Tsu.png	津_zoomed.png	japan pref.png
水戸	みと	pronunciation_ja_水戸.ogg	79	270.810	茨城県	79_Mito.png	水戸_zoomed.png	japan pref.png
市原	いちはら	chrome_AJH87sv3WO.mp3	80	269.653	京都府	80_Ichihara.png	市原_zoomed.png	japan pref.png
長岡	ながおか	pronunciation_ja_長岡.mp3	81	267.115	新潟県	81_Nagaoka.png	長岡_zoomed.png	japan pref.png
八尾	やお	howtopronounce_八尾.mp3	82	264.654	大阪府	82_Yao.png	八尾_zoomed.png	japan pref.png
府中	ふちゅう	pronunciation_ja_府中.mp3	83	262.932	東京都	83_Fuchu.png	府中_zoomed.png	japan pref.png
福井	ふくい	pronunciation_ja_福井.mp3	84	262.501	福井県	84_Fukui.png	福井_zoomed.png	japan pref.png
加古川	かこがわ	pronunciation_ja_加古川.ogg	85	260.988	兵庫県	85_Kakogawa.png	加古川_zoomed.png	japan pref.png
平塚	ひらつか	pronunciation_ja_平塚.mp3	86	258.524	神奈川県	86_Hiratsuka.png	平塚_zoomed.png	japan pref.png
下関	しものせき	pronunciation_ja_下関.ogg	87	255.199	山口県	87_shimonoseki.png	下関_zoomed.png	japan pref.png
徳島	とくしま	pronunciation_ja_徳島.mp3	88	252.364	徳島県	88_Tokushima.png	徳島_zoomed.png	japan pref.png
函館	はこだて	pronunciation_ja_函館.ogg	89	251.271	北海道	89_Hakodate.png	函館_zoomed.png	japan pref.png
草加	そうか	pronunciation_ja_草加.ogg	90	248.037	埼玉県	90_Souka.png	草加_zoomed.png	japan pref.png
山形	やまがた	pronunciation_ja_山形.ogg	91	247.747	山形県	91_Yamagata.png	山形_zoomed.png	japan pref.png
富士	ふじ	pronunciation_ja_富士.mp3	92	245.489	静岡県	92_Fuji.png	富士_zoomed.png	japan pref.png
佐世保	させぼ	pronunciation_ja_佐世保.ogg	93	243.387	長崎県	93_Sasebo.png	佐世保_zoomed.png	japan pref.png
調布	ちょうふ	pronunciation_ja_調布.ogg	94	242.721	東京都	94_Chofu.png	調布_zoomed.png	japan pref.png
茅ケ崎	ちがさき	chrome_NKE2Jpc1U1.mp3	95	242.603	神奈川県	95_Chigasaki.png	茅ケ崎_zoomed.png	japan pref.png
筑波	つくば	chrome_Kx8WoPCtNo.mp3	96	241.785	茨城県	96_Tsukuba.png	筑波_zoomed.png	japan pref.png
松本	まつもと	pronunciation_ja_松本.mp3	97	241.337	長野県	97_Matsumoto.png	松本_zoomed.png	japan pref.png
大和	やまと	pronunciation_ja_大和.mp3	98	239.269	神奈川県	98_Yamato.png	大和_zoomed.png	japan pref.png
佐賀	さが	pronunciation_ja_佐賀.ogg	99	233.466	佐賀県	99_Saga.png	佐賀_zoomed.png	japan pref.png
春日部	かすかべ	pronunciation_ja_春日部.ogg	100	229.767	埼玉県	100_Kasukabe.png	春日部_zoomed.png	japan pref.png
寝屋川	ねやがわ	chrome_GKZGfdVjRq.mp3	101	229.749	大阪府	101_Neyagawa.png	寝屋川_zoomed.png	japan pref.png
上尾	あげお	pronunciation_ja_上尾.mp3	102	227.020	埼玉県	102_Ageo.png	上尾_zoomed.png	japan pref.png
宝塚	たからづか	pronunciation_ja_宝塚.mp3	103	226.658	兵庫県	103_Takarazuka.png	宝塚_zoomed.png	japan pref.png
厚木	あつぎ	pronunciation_ja_厚木.ogg	104	223.747	神奈川県	104_Atsugi.png	厚木_zoomed.png	japan pref.png
八戸	はちのへ	pronunciation_ja_八戸.ogg	105	223.529	青森県	105_Hachinohe.png	八戸_zoomed.png	japan pref.png
太田	おおた	pronunciation_ja_太田.mp3	106	223.150	群馬県	106_Ota.png	太田_zoomed.png	japan pref.png
呉	くれ	chrome_7VAah6bkM5.mp3	107	214.717	広島県	107_Kure.png	呉_zoomed.png	japan pref.png
伊勢崎	いせさき	chrome_SHPYp4AOYX.mp3	108	211.975	群馬県	108_Isesaki.png	伊勢崎_zoomed.png	japan pref.png
西東京	にしとうきょう	chrome_WZTb4UJpmj.mp3	109	207.389	京都府	109_Nishitokyo.png	西東京_zoomed.png	japan pref.png
松江	まつえ	pronunciation_ja_松江.ogg	110	203.779	島根県	110_Matsue.png	松江_zoomed.png	japan pref.png
流山	ながれやま	chrome_WBirz93TEg.mp3	111	199.960	千葉県	111_Nagareyama.png	流山_zoomed.png	japan pref.png
八千代	やちよ	pronunciation_ja_八千代.ogg	112	199.597	新潟県	112_Yachiyo.png	八千代_zoomed.png	japan pref.png
小平	こだいら	pronunciation_ja_小平.ogg	113	198.977	東京都	113_Kodaira.png	小平_zoomed.png	japan pref.png
伊丹	いたみ	pronunciation_ja_伊丹.mp3	114	198.244	兵庫県	114_Itami.png	伊丹_zoomed.png	japan pref.png
東広島	ひがしひろしま	pronunciation_ja_東広島.ogg	115	196.755	広島県	115_Higashihiroshima.png	東広島_zoomed.png	japan pref.png
鈴鹿	すずか	pronunciation_ja_鈴鹿.mp3	116	195.742	三重県	116_Suzuka.png	鈴鹿_zoomed.png	japan pref.png
三鷹	みたか	pronunciation_ja_三鷹.ogg	117	195.558	東京都	117_Mitaka.png	三鷹_zoomed.png	japan pref.png
熊谷	くまがい	pronunciation_ja_熊谷.ogg	118	194.439	埼玉県	118_Kumagai.png	熊谷_zoomed.png	japan pref.png
山口	やまぐち	pronunciation_ja_山口.mp3	119	194.110	山口県	119_Yamaguchi.png	山口_zoomed.png	japan pref.png
岸和田	きしわだ	pronunciation_ja_岸和田.mp3	120	190.796	大阪府	120_Kishiwada.png	岸和田_zoomed.png	japan pref.png
日野	ひの	pronunciation_ja_日野.ogg	121	190.261	東京都	121_Hino.png	日野_zoomed.png	japan pref.png
甲府	こうふ	pronunciation_ja_甲府.ogg	122	189.742	山梨県	122_Kofu.png	甲府_zoomed.png	japan pref.png
沼津	ぬまづ	pronunciation_ja_沼津.mp3	123	189.611	静岡県	123_Numazu.png	沼津_zoomed.png	japan pref.png
小田原	おだわら	pronunciation_ja_小田原.mp3	124	188.986	神奈川県	124_Odawara.png	小田原_zoomed.png	japan pref.png
鳥取	とっとり	pronunciation_ja_鳥取.ogg	125	188.614	鳥取県	125_Tottori.png	鳥取_zoomed.png	japan pref.png
安城	あんじょう	pronunciation_ja_安城.mp3	126	188.512	愛知県	126_Anjo.png	安城_zoomed.png	japan pref.png
上越	じょうえつ	pronunciation_ja_上越.ogg	127	188.119	北海道	127_Joetsu.png	上越_zoomed.png	japan pref.png
立川	たちかわ	pronunciation_ja_立川.mp3	128	187.089	東京都	128_Tachikawa.png	立川_zoomed.png	japan pref.png
豊川	とよかわ	chrome_cZpsgaBygi.mp3	129	184.659	愛知県	129_Toyakawa.png	豊川_zoomed.png	japan pref.png
和泉	いずみ	pronunciation_ja_和泉.mp3	130	184.634	東京都	130_Izumi.png	和泉_zoomed.png	japan pref.png
宇治	うじ	pronunciation_ja_宇治.ogg	131	179.783	京都府	131_Uji.png	宇治_zoomed.png	japan pref.png
習志野	ならしの	pronunciation_ja_習志野.ogg	132	176.306	千葉県	132_Narashino.png	習志野_zoomed.png	japan pref.png
日立	ひたち	pronunciation_ja_日立.ogg	133	174.635	茨城県	133_Hitachi.png	日立_zoomed.png	japan pref.png
出雲	いずも	pronunciation_ja_出雲.ogg	134	172.887	奈良県	134_Izumo-a2f8ee68ca205b2f0016425db41c477efee14544.png	出雲_zoomed.png	japan pref.png
鎌倉	かまくら	pronunciation_ja_鎌倉.ogg	135	172.821	神奈川県	135_Kamakura.png	鎌倉_zoomed.png	japan pref.png
浦安	うらやす	pronunciation_ja_浦安.ogg	136	171.424	千葉県	136_Urayasu.png	浦安_zoomed.png	japan pref.png
苫小牧	とまこまい	pronunciation_ja_苫小牧.mp3	137	170.234	北海道	137_Tomakomai.png	苫小牧_zoomed.png	japan pref.png
西尾	にしお	pronunciation_ja_西尾.mp3	138	169.127	愛知県	138_Nishio.png	西尾_zoomed.png	japan pref.png
佐倉	さくら	pronunciation_ja_佐倉.mp3	139	168.858	千葉県	139_Sakura.png	佐倉_zoomed.png	japan pref.png
弘前	ひろさき	pronunciation_ja_弘前.mp3	140	168.564	青森県	140_Hirosaki.png	弘前_zoomed.png	japan pref.png
小山	こやま	pronunciation_ja_小山.ogg	141	166.791	栃木県	141_Koyama.png	小山_zoomed.png	japan pref.png
磐田	いわた	chrome_aMuaUCHsqG.mp3	142	166.744	静岡県	142_Iwata.png	磐田_zoomed.png	japan pref.png
帯広	おびひろ	pronunciation_ja_帯広.ogg	143	166.690	北海道	143_Obihiro.png	帯広_zoomed.png	japan pref.png
高岡	たかおか	chrome_J0EZ1Xx1JG.mp3	144	166.513	富山県	144_Takaoka.png	高岡_zoomed.png	japan pref.png
新座	にいざ	chrome_NC1REYZWTJ.mp3	145	166.104	埼玉県	145_Niiza.png	新座_zoomed.png	japan pref.png
釧路	くしろ	pronunciation_ja_釧路.ogg	146	165.230	北海道	146_Kushiro.png	釧路_zoomed.png	japan pref.png
宇部	うべ	chrome_7BtxOkSpza.mp3	147	162.707	山口県	147_Ube.png	宇部_zoomed.png	japan pref.png
秦野	はだの	pronunciation_ja_秦野.ogg	148	162.579	神奈川県	148_Hatano.png	秦野_zoomed.png	japan pref.png
都城	みやこのじょう	pronunciation_ja_都城.mp3	149	160.736	宮崎県	149_Miyakonojo.png	都城_zoomed.png	japan pref.png
松阪	まつざか	chrome_HWaLp9yFna.mp3	150	159.231	三重県	150_Matsuzaka.png	松阪_zoomed.png	japan pref.png
大垣	おおがき	pronunciation_ja_大垣.mp3	151	158.342	岐阜県	151_Ogaki.png	大垣_zoomed.png	japan pref.png
ひたちなか	ひたちなか	pronunciation_ja_ひたちなか.ogg	152	156.664	茨城県	152_Hitachinaka.png	ひたちなか_zoomed.png	japan pref.png
栃木	とちぎ	pronunciation_ja_栃木.ogg	153	155.628	栃木県	153_Tochigi.png	栃木_zoomed.png	japan pref.png
上田	うえだ	pronunciation_ja_上田.mp3	154	154.155	長野県	154_Ueda.png	上田_zoomed.png	japan pref.png
刈谷	かりや	pronunciation_ja_刈谷.mp3	155	153.926	愛知県	155_Kariya.png	刈谷_zoomed.png	japan pref.png
野田	のだ	pronunciation_ja_野田.ogg	157	152.674	岩手県	157_Noda.png	野田_zoomed.png	japan pref.png
川西	かわにし	pronunciation_ja_川西.ogg	158	152.473	山口県	158_Kawanishi.png	川西_zoomed.png	japan pref.png
東村山	ひがしむらやま	pronunciation_ja_東村山.ogg	159	151.941	東京都	159_Higashimurayama.png	東村山_zoomed.png	japan pref.png
今治	いまばり	chrome_uXu6Hm4egQ.mp3	160	151.756	愛媛県	160_Imabari.png	今治_zoomed.png	japan pref.png
久喜	くき	pronunciation_ja_久喜.mp3	161	150.599	埼玉県	161_Kuki.png	久喜_zoomed.png	japan pref.png
武蔵野	むさしの	pronunciation_ja_武蔵野.mp3	162	150.102	東京都	162_Musashino.png	武蔵野_zoomed.png	japan pref.png
小牧	こまき	pronunciation_ja_小牧.mp3	163	149.033	愛知県	163_Komaki.png	小牧_zoomed.png	japan pref.png
狭山	さやま	chrome_3FlN1ryT8R.mp3	164	148.712	大阪府	164_Sayama.png	狭山_zoomed.png	japan pref.png
米子	よなご	pronunciation_ja_米子.ogg	165	147.421	鳥取県	165_Yonago.png	米子_zoomed.png	japan pref.png
多摩	たま	pronunciation_ja_多摩.mp3	166	147.169	東京都	166_Tama.png	多摩_zoomed.png	japan pref.png
入間	いるま	chrome_9qqX7jKewU.mp3	167	145.723	静岡県	167_Iruma.png	入間_zoomed.png	japan pref.png
足利	あしかが	pronunciation_ja_足利.mp3	168	144.796	栃木県	168_Ashikaga.png	足利_zoomed.png	japan pref.png
各務原	かかみがはら	pronunciation_ja_各務原.ogg	169	144.619	岐阜県	169_Kakamigahara.png	各務原_zoomed.png	japan pref.png
草津	くさつ	pronunciation_ja_草津.ogg	170	143.958	滋賀県	170_Kusatsu.png	草津_zoomed.png	japan pref.png
守口	もりぐち	chrome_XhjHl8Hrqi.mp3	171	143.063	大阪府	171_Moriguchi.png	守口_zoomed.png	japan pref.png
沖縄	おきなわ	pronunciation_ja_沖縄.mp3	172	142.840	沖縄県	172_Okinawa.png	沖縄_zoomed.png	japan pref.png
三郷	みさと	anki_hVDKX8f6zU.mp3	173	142.177	埼玉県	173_Misato.png	三郷_zoomed.png	japan pref.png
土浦	つちうら	pronunciation_ja_土浦.ogg	174	142.160	茨城県	174_Uchiura.png	土浦_zoomed.png	japan pref.png
藤枝	ふじえだ	chrome_jfUHEArqkI.mp3	175	141.385	静岡県	175_Fujieda.png	藤枝_zoomed.png	japan pref.png
深谷	ふかや	pronunciation_ja_深谷.ogg	176	141.336	埼玉県	176_Fukaya.png	深谷_zoomed.png	japan pref.png
朝霞	あさか	pronunciation_ja_朝霞.ogg	177	141.036	埼玉県	177_Asaka.png	朝霞_zoomed.png	japan pref.png
戸田	とだ	pronunciation_ja_戸田.mp3	178	140.868	愛知県	178_Toda.png	戸田_zoomed.png	japan pref.png
石巻	いしのまき	pronunciation_ja_石巻.ogg	179	140.237	宮城県	179_Ishinomaki.png	石巻_zoomed.png	japan pref.png
古河	ふるかわ	pronunciation_ja_古河.ogg	180	139.396	茨城県	180_Furukawa.png	古河_zoomed.png	japan pref.png
桑名	くわな	pronunciation_ja_桑名.mp3	181	138.671	三重県	181_Kuwana.png	桑名_zoomed.png	japan pref.png
周南	しゅうなん	chrome_s9UIaPFvBD.mp3	182	137.607	山口県	182_Shunan.png	周南_zoomed.png	japan pref.png
箕面	みのお	pronunciation_ja_箕面.ogg	183	136.954	大阪府	183_Mino.png	箕面_zoomed.png	japan pref.png
焼津	やいづ	pronunciation_ja_焼津.mp3	184	136.891	静岡県	184_Yaizu.png	焼津_zoomed.png	japan pref.png
海老名	えびな	pronunciation_ja_海老名.ogg	185	136.581	神奈川県	185_Ebina.png	海老名_zoomed.png	japan pref.png
木更津	きさらづ	pronunciation_ja_木更津.mp3	186	136.224	千葉県	186_Kisarazu.png	木更津_zoomed.png	japan pref.png
稲沢	いなざわ	chrome_QxrNey4B44.mp3	187	134.738	愛知県	187_Inazawa.png	稲沢_zoomed.png	japan pref.png
諫早	いさはや	chrome_y15bCXiims.mp3	188	133.957	長崎県	188_Isahaya.png	諫早_zoomed.png	japan pref.png
青梅	おうめ	chrome_eLiRdVz3q6.mp3	189	133.587	東京都	189_Ome.png	青梅_zoomed.png	japan pref.png
成田	なりた	pronunciation_ja_成田.mp3	190	132.998	千葉県	190_Narita.png	成田_zoomed.png	japan pref.png
座間	ざま	pronunciation_ja_座間.ogg	191	132.180	神奈川県	191_Zama.png	座間_zoomed.png	japan pref.png
尾道	おのみち	pronunciation_ja_尾道.ogg	192	131.243	広島県	192_Onomichi.png	尾道_zoomed.png	japan pref.png
我孫子	あびこ	pronunciation_ja_我孫子.mp3	193	130.590	千葉県	193_Abiko.png	我孫子_zoomed.png	japan pref.png
国分寺	こくぶんじ	pronunciation_ja_国分寺.mp3	194	129.353	東京都	194_Kokubunji.png	国分寺_zoomed.png	japan pref.png
岩国	いわくに	pronunciation_ja_岩国.ogg	195	129.226	山口県	195_Iwakuni.png	岩国_zoomed.png	japan pref.png
富士宮	ふじのみや	pronunciation_ja_富士宮.ogg	196	128.147	静岡県	196_Fujinomiya.png	富士宮_zoomed.png	japan pref.png
瀬戸	せと	pronunciation_ja_瀬戸.mp3	197	127.869	岡山県	197_Seto.png	瀬戸_zoomed.png	japan pref.png
大崎	おおさき	pronunciation_ja_大崎.ogg	198	127.381	東京都	198_Osaki.png	大崎_zoomed.png	japan pref.png
飯塚	いいづか	pronunciation_ja_飯塚.mp3	199	126.486	福岡県	199_Iizuka.png	飯塚_zoomed.png	japan pref.png
小金井	こがねい	pronunciation_ja_小金井.mp3	200	126.253	栃木県	200_Koganei.png	小金井_zoomed.png	japan pref.png
うるま	うるま	chrome_qtOjgSReWh.mp3	201	125.406	沖縄県	201_Uruma.png	うるま_zoomed.png	japan pref.png
霧島	きりしま	pronunciation_ja_霧島.ogg	202	123.205		202_Kirishima.png	霧島_zoomed.png	japan pref.png
八代	やつしろ	chrome_7FIdvDQYCE.mp3	203	123.146	熊本県	203_Yatsushiro.png	八代_zoomed.png	japan pref.png
伊勢	いせ	pronunciation_ja_伊勢.ogg	204	122.855	福井県	204_Ise.png	伊勢_zoomed.png	japan pref.png
鶴岡	つるおか	pronunciation_ja_鶴岡.ogg	205	122.454	山形県	205_Tsuruoka.png	鶴岡_zoomed.png	japan pref.png
江別	えべつ	pronunciation_ja_江別.ogg	206	121.145	北海道	206_Ebetsu.png	江別_zoomed.png	japan pref.png
橿原	かしはら	chrome_uBN4whExUv.mp3	207	120.972	兵庫県	207_Kashihara.png	橿原_zoomed.png	japan pref.png
門真	かどま	chrome_RHtawq4Qwg.mp3	208	119.807	大阪府	208_Kadoma.png	門真_zoomed.png	japan pref.png
大東	だいとう	chrome_EkEv9CnxXj.mp3	209	119.184	岡山県	209_Daito.png	大東_zoomed.png	japan pref.png
延岡	のべおか	pronunciation_ja_延岡.ogg	210	118.450	宮崎県	210_Nobeoka.png	延岡_zoomed.png	japan pref.png
半田	はんだ	pronunciation_ja_半田.mp3	211	117.925	愛知県	211_Handa.png	半田_zoomed.png	japan pref.png
松原	まつばら	pronunciation_ja_松原.mp3	212	117.611	東京都	212_Matsubara.png	松原_zoomed.png	japan pref.png
会津若松	あいづわかまつ	pronunciation_ja_会津若松.ogg	213	117.433	福島県	213_Aizuwakamatsu.png	会津若松_zoomed.png	japan pref.png
唐津	からつ	pronunciation_ja_唐津.mp3	214	117.431	佐賀県	214_Karatsu.png	唐津_zoomed.png	japan pref.png
生駒	いこま	pronunciation_ja_生駒.ogg	215	116.951	奈良県	215_Ikoma.png	生駒_zoomed.png	japan pref.png
鴻巣	こうのす	pronunciation_ja_鴻巣.mp3	216	116.864	埼玉県	216_Konosu.png	鴻巣_zoomed.png	japan pref.png
佐野	さの	pronunciation_ja_佐野.ogg	217	116.220	栃木県	217_Sano.png	佐野_zoomed.png	japan pref.png
新居浜	にいはま	chrome_Q4o1zbcgNx.mp3	218	116.005	愛媛県	218_Niihama.png	新居浜_zoomed.png	japan pref.png
浦添	うらぞえ	chrome_nAfVvw4TRF.mp3	219	115.741	福岡県	219_Urazoe.png	浦添_zoomed.png	japan pref.png
北見	きたみ	pronunciation_ja_北見.ogg	220	115.608	北海道	220_Kitami.png	北見_zoomed.png	japan pref.png
別府	べっぷ	pronunciation_ja_別府.ogg	221	115.416	大分県	221_Beppo.png	別府_zoomed.png	japan pref.png
那須塩原	なすしおばら	pronunciation_ja_那須塩原.mp3	222	115.282	栃木県	222_Nasushiobara.png	那須塩原_zoomed.png	japan pref.png
東久留米	ひがしくるめ	pronunciation_ja_東久留米.mp3	223	115.227	埼玉県	223_Higashikurume.png	東久留米_zoomed.png	japan pref.png
掛川	かけがわ	pronunciation_ja_掛川.mp3	224	114.989	静岡県	224_Kakegawa.png	掛川_zoomed.png	japan pref.png
廿日市	はつかいち	pronunciation_ja_廿日市.ogg	225	114.253	広島県	225_Hatsukaichi.png	廿日市_zoomed.png	japan pref.png
昭島	あきしま	pronunciation_ja_昭島.mp3	226	114.053	東京都	226_Akishima.png	昭島_zoomed.png	japan pref.png
防府	ほうふ	chrome_aJ4T8CgmGV.mp3	227	114.038	山口県	227_Hofu.png	防府_zoomed.png	japan pref.png
東海	とうかい	pronunciation_ja_東海.ogg	228	113.838	茨城県	228_Tokai.png	東海_zoomed.png	japan pref.png
長浜	ながはま	chrome_HFU5r7zNfE.mp3	229	113.719	滋賀県	229_Nagahama.png	長浜_zoomed.png	japan pref.png
彦根	ひこね	pronunciation_ja_彦根.ogg	230	113.693	滋賀県	230_Hikone.png	彦根_zoomed.png	japan pref.png
ふじみ野	ふじみの	chrome_BYC6YNd0T8.mp3	231	113.640	埼玉県	231_Fujimino.png	ふじみ野_zoomed.png	japan pref.png
奥州	おうしゅう	pronunciation_ja_奥州.ogg	232	113.027	岩手県	232_Oshu.png	奥州_zoomed.png	japan pref.png
東近江	ひがしおうみ	chrome_fiI3AW8o84.mp3	233	112.872	滋賀県	233_Higashiomi.png	東近江_zoomed.png	japan pref.png
一関	いちのぜき	pronunciation_ja_一関.ogg	234	111.970	熊本県	234_Ichinozeki.png	一関_zoomed.png	japan pref.png
富士見	ふじみ	chrome_WhSu4gx8nQ.mp3	235	111.881	東京都	235_Fujimi.png	富士見_zoomed.png	japan pref.png
加須	かぞ	pronunciation_ja_加須.mp3	236	111.702	埼玉県	236_Kazo.png	加須_zoomed.png	japan pref.png
小樽	おたる	pronunciation_ja_小樽.mp3	237	111.422	北海道	237_Otaru.png	小樽_zoomed.png	japan pref.png
大牟田	おおむた	pronunciation_ja_大牟田.mp3	238	111.379	福岡県	238_Omuta.png	大牟田_zoomed.png	japan pref.png
春日	かすが	pronunciation_ja_春日.mp3	239	111.097	東京都	239_Kasuga.png	春日_zoomed.png	japan pref.png
白山	はくさん	pronunciation_ja_白山.mp3	240	110.497	東京都	240_Hakusan.png	白山_zoomed.png	japan pref.png
鎌ケ谷	かまがや	chrome_5U5vFagAGD.mp3	241	109.989	千葉県	241_Kamagaya.png	鎌ケ谷_zoomed.png	japan pref.png
丸亀	まるがめ	chrome_NATEbEyCPI.mp3	242	109.589	香川県	242_Marugame.png	丸亀_zoomed.png	japan pref.png
三田	みた	pronunciation_ja_三田.ogg	243	109.324	東京都	243_Mita.png	三田_zoomed.png	japan pref.png
羽曳野	はびきの	chrome_nGf8l8m9UI.mp3	244	108.872	京都府	244_Habikino.png	羽曳野_zoomed.png	japan pref.png
富田林	とんだばやし	chrome_zbJIdXgDCJ.mp3	245	108.768	大阪府	245_Tondabayashi.png	富田林_zoomed.png	japan pref.png
三島	みしま	pronunciation_ja_三島.ogg	246	107.851	静岡県	246_Mishima.png	三島_zoomed.png	japan pref.png
多治見	たじみ	pronunciation_ja_多治見.mp3	247	106.810	岐阜県	247_Tajimi.png	多治見_zoomed.png	japan pref.png
桐生	きりゅう	pronunciation_ja_桐生.ogg	248	106.524	群馬県	248_Kiryu.png	桐生_zoomed.png	japan pref.png
小松	こまつ	pronunciation_ja_小松.mp3	249	106.292	石川県	249_Komatsu.png	小松_zoomed.png	japan pref.png
池田	いけだ	pronunciation_ja_池田.ogg	250	105.017	北海道	250_Ikeda.png	池田_zoomed.png	japan pref.png
西条	さいじょう	chrome_ewUsZGWoCH.mp3	251	104.879	広島県	251_Saijo.png	西条_zoomed.png	japan pref.png
取手	とりで	pronunciation_ja_取手.ogg	252	104.545	茨城県	252_Toride.png	取手_zoomed.png	japan pref.png
筑紫野	ちくしの	chrome_ag16sTM2IJ.mp3	253	103.374	福岡県	253_Chikushino.png	筑紫野_zoomed.png	japan pref.png
印西	いんざい	chrome_5zI3sggDJh.mp3	254	102.651	千葉県	254_Inzai.png	印西_zoomed.png	japan pref.png
大野城	おおのじょう	chrome_LkR73MFAnt.mp3	255	102.172	福岡県	255_Onojo.png	大野城_zoomed.png	japan pref.png
伊勢原	いせはら	chrome_zpJqAWPQe2.mp3	256	101.839	神奈川県	256_Isehara.png	伊勢原_zoomed.png	japan pref.png
河内長野	かわちながの	chrome_k5Lx0KS9sX.mp3	257	101.764	大阪府	257_Kawachinagano.png	河内長野_zoomed.png	japan pref.png
鹿屋	かのや	chrome_0oVzcY2P4A.mp3	258	101.204	兵庫県	258_Kanoya.png	鹿屋_zoomed.png	japan pref.png
筑西	ちくせい	pronunciation_ja_筑西.ogg	259	100.819	大阪府	259_Chikusei.png	筑西_zoomed.png	japan pref.png
酒田	さかた	pronunciation_ja_酒田.ogg	260	100.320	山形県	260_Sakata.png	酒田_zoomed.png	japan pref.png
坂戸	さかど	pronunciation_ja_坂戸.mp3	261	100.300	埼玉県	261_Sakado.png	坂戸_zoomed.png	japan pref.png
宜野湾	ぎのわん	chrome_EmUd7VePX8.mp3	262	100.192	沖縄県	262_Ginowan.png	宜野湾_zoomed.png	japan pref.png
泉佐野	いずみさの	chrome_bh1Bxeccek.mp3	263	100.182	大阪府	263_Izumisano.png	泉佐野_zoomed.png	japan pref.png
可児	かに	chrome_FuHCvfMSRZ.mp3	264	100.037	岐阜県	264_Kani.png	可児_zoomed.png	japan pref.png
