kanji_raw,reading,audio_field_raw,rank,population,map_html,map_empty_html,kanji,audio_filename,map_filename,map_empty_filename,lat,lon,geocode_query,prefecture
東京,とうきょう,[sound:pronunciation_ja_東京.mp3],1,9.744.534,"<img src=""1_Tokio.png"">","<img src=""japan pref.png"">",東京,pronunciation_ja_東京.mp3,1_Tokio.png,japan pref.png,35.6768601,139.7638947,"東京, Japan",東京都
横浜,よこはま,[sound:pronunciation_ja_横浜.mp3],2,3.778.318,"<img src=""2_Yokohama.png"">","<img src=""japan pref.png"">",横浜,pronunciation_ja_横浜.mp3,2_Yokohama.png,japan pref.png,35.4662066,139.6231953,"横浜, Japan",神奈川県
大阪,おおさか,[sound:pronunciation_ja_大阪.mp3],3,2.754.742,"<img src=""3_Osaka.png"">","<img src=""japan pref.png"">",大阪,pronunciation_ja_大阪.mp3,3_Osaka.png,japan pref.png,34.6937569,135.5014539,"大阪, Japan",大阪府
名古屋,なごや,[sound:pronunciation_ja_名古屋.mp3],4,2.333.406,"<img src=""4_Nagoya.png"">","<img src=""japan pref.png"">",名古屋,pronunciation_ja_名古屋.mp3,4_Nagoya.png,japan pref.png,35.1709893,136.8829249,"名古屋, Japan",愛知県
札幌,さっぽろ,[sound:pronunciation_ja_札幌.ogg],5,1.975.065,"<img src=""5_Sapporo.png"">","<img src=""japan pref.png"">",札幌,pronunciation_ja_札幌.ogg,5_Sapporo.png,japan pref.png,43.0686365,141.3509218,"札幌, Japan",北海道
福岡,ふくおか,[sound:pronunciation_ja_福岡.ogg],6,1.613.361,"<img src=""6_Fukuoka.png"">","<img src=""japan pref.png"">",福岡,pronunciation_ja_福岡.ogg,6_Fukuoka.png,japan pref.png,36.7081742,136.9316897,"福岡, Japan",富山県
川崎,かわさき,[sound:pronunciation_ja_川崎.ogg],7,1.539.081,"<img src=""7_Kawasaki.png"">","<img src=""japan pref.png"">",川崎,pronunciation_ja_川崎.ogg,7_Kawasaki.png,japan pref.png,35.531404,139.696893,"川崎, Japan",神奈川県
神戸,こうべ,[sound:pronunciation_ja_神戸.ogg],8,1.527.022,"<img src=""8_Kobe.png"">","<img src=""japan pref.png"">",神戸,pronunciation_ja_神戸.ogg,8_Kobe.png,japan pref.png,34.6792832,135.1784451,"神戸, Japan",兵庫県
京都,きょうと,[sound:pronunciation_ja_京都.ogg],9,1.464.890,"<img src=""9_Kyoto.png"">","<img src=""japan pref.png"">",京都,pronunciation_ja_京都.ogg,9_Kyoto.png,japan pref.png,34.9853497,135.758766,"京都, Japan",京都府
<a>埼</a><a>玉</a>,さいたま,[sound:pronunciation_ja_埼玉.ogg],10,1.324.591,"<img src=""10_Saitama.png"">","<img src=""japan pref.png"">",埼玉,pronunciation_ja_埼玉.ogg,10_Saitama.png,japan pref.png,36.1192436,139.4976783,"埼玉, Japan",埼玉県
広島,ひろしま,[sound:pronunciation_ja_広島.mp3],11,1.201.281,"<img src=""11_Hiroshima.png"">","<img src=""japan pref.png"">",広島,pronunciation_ja_広島.mp3,11_Hiroshima.png,japan pref.png,34.3972702,132.4759472,"広島, Japan",広島県
仙台,せんだい,[sound:pronunciation_ja_仙台.ogg][sound:pronunciation_ja_仙台.ogg],12,1.097.196,"<img src=""12_Sendai.png"">","<img src=""japan pref.png"">",仙台,pronunciation_ja_仙台.ogg,12_Sendai.png,japan pref.png,38.2677554,140.8691498,"仙台, Japan",宮城県
千葉,ちば,[sound:pronunciation_ja_千葉.ogg],13,975.210,"<img src=""13_Chiba.png"">","<img src=""japan pref.png"">",千葉,pronunciation_ja_千葉.ogg,13_Chiba.png,japan pref.png,35.6121041,140.1141578,"千葉, Japan",千葉県
北九州,きたきゅうしゅう,[sound:pronunciation_ja_北九州.ogg],14,939.622,"<img src=""14_Kitakyushu.png"">","<img src=""japan pref.png"">",北九州,pronunciation_ja_北九州.ogg,14_Kitakyushu.png,japan pref.png,33.8829996,130.8749015,"北九州, Japan",福岡県
堺,さかい,[sound:pronunciation_ja_堺.ogg],15,826.447,"<img src=""15_Sakai.png"">","<img src=""japan pref.png"">",堺,pronunciation_ja_堺.ogg,15_Sakai.png,japan pref.png,34.5819134,135.4688183,"堺, Japan",大阪府
浜松,はままつ,[sound:pronunciation_ja_浜松.ogg],16,791.155,"<img src=""16_Hamamatsu.png"">","<img src=""japan pref.png"">",浜松,pronunciation_ja_浜松.ogg,16_Hamamatsu.png,japan pref.png,34.7040188,137.7348058,"浜松, Japan",静岡県
新潟,にいがた,[sound:pronunciation_ja_新潟.ogg],17,789.715,"<img src=""17_Niigata.png"">","<img src=""japan pref.png"">",新潟,pronunciation_ja_新潟.ogg,17_Niigata.png,japan pref.png,37.9122444,139.0613294,"新潟, Japan",新潟県
熊本,くまもと,[sound:pronunciation_ja_熊本.ogg],18,738.744,"<img src=""18_Kumamoto.png"">","<img src=""japan pref.png"">",熊本,pronunciation_ja_熊本.ogg,18_Kumamoto.png,japan pref.png,32.7904043,130.6834486,"熊本, Japan",熊本県
相模原,さがみはら,[sound:pronunciation_ja_相模原.ogg],19,725.302,"<img src=""19_Sagamihara.png"">","<img src=""japan pref.png"">",相模原,pronunciation_ja_相模原.ogg,19_Sagamihara.png,japan pref.png,35.5814551,139.37074,"相模原, Japan",神奈川県
岡山,おかやま,[sound:pronunciation_ja_岡山.mp3],20,725.108,"<img src=""20_Okayama.png"">","<img src=""japan pref.png"">",岡山,pronunciation_ja_岡山.mp3,20_Okayama.png,japan pref.png,34.6667504,133.9182664,"岡山, Japan",岡山県
静岡,しずおか,[sound:pronunciation_ja_静岡.mp3],21,693.759,"<img src=""21_Shizuoka.png"">","<img src=""japan pref.png"">",静岡,pronunciation_ja_静岡.mp3,21_Shizuoka.png,japan pref.png,34.9715372,138.3883294,"静岡, Japan",静岡県
船橋,ふなばし,[sound:pronunciation_ja_船橋.ogg],22,642.972,"<img src=""22_Funabashi.png"">","<img src=""japan pref.png"">",船橋,pronunciation_ja_船橋.ogg,22_Funabashi.png,japan pref.png,35.7016567,139.9852496,"船橋, Japan",千葉県
川口,かわぐち,[sound:pronunciation_ja_川口.mp3],23,594.461,"<img src=""23_Kawaguchi.png"">","<img src=""japan pref.png"">",川口,pronunciation_ja_川口.mp3,23_Kawaguchi.png,japan pref.png,35.8019257,139.7175116,"川口, Japan",埼玉県
鹿児島,かごしま,[sound:pronunciation_ja_鹿児島.ogg],24,593.460,"<img src=""24_Kagoshima.png"">","<img src=""japan pref.png"">",鹿児島,pronunciation_ja_鹿児島.ogg,24_Kagoshima.png,japan pref.png,31.6021814,130.5640474,"鹿児島, Japan",鹿児島県
八王子,はちおうじ,[sound:pronunciation_ja_八王子.ogg],25,579.605,"<img src=""25_Hachioji.png"">","<img src=""japan pref.png"">",八王子,pronunciation_ja_八王子.ogg,25_Hachioji.png,japan pref.png,35.655389,139.3394669,"八王子, Japan",東京都
姫路,ひめじ,[sound:pronunciation_ja_姫路.ogg],26,530.723,"<img src=""26_Himeji.png"">","<img src=""japan pref.png"">",姫路,pronunciation_ja_姫路.ogg,26_Himeji.png,japan pref.png,34.8270163,134.6903037,"姫路, Japan",兵庫県
宇都宮,うつのみや,[sound:pronunciation_ja_宇都宮.ogg],27,519.026,"<img src=""27_Utsunomiya.png"">","<img src=""japan pref.png"">",宇都宮,pronunciation_ja_宇都宮.ogg,27_Utsunomiya.png,japan pref.png,36.5592983,139.8981571,"宇都宮, Japan",栃木県
松山,まつやま,[sound:pronunciation_ja_松山.ogg],28,511.569,"<img src=""28_Matsuyama.png"">","<img src=""japan pref.png"">",松山,pronunciation_ja_松山.ogg,28_Matsuyama.png,japan pref.png,33.8399303,132.7507395,"松山, Japan",愛媛県
松戸,まつど,[sound:pronunciation_ja_松戸.mp3],29,498.293,"<img src=""29_Matsudo.png"">","<img src=""japan pref.png"">",松戸,pronunciation_ja_松戸.mp3,29_Matsudo.png,japan pref.png,35.7844366,139.9006078,"松戸, Japan",千葉県
市川,いちかわ,[sound:pronunciation_ja_市川.ogg],30,496.943,"<img src=""30_Ichikawa.png"">","<img src=""japan pref.png"">",市川,pronunciation_ja_市川.ogg,30_Ichikawa.png,japan pref.png,35.7290245,139.9081954,"市川, Japan",千葉県
東大阪,ひがしおおさか,[sound:chrome_mMI5SWQ3Ma.mp3],31,494.074,"<img src=""31_Higashiosaka.png"">","<img src=""japan pref.png"">",東大阪,chrome_mMI5SWQ3Ma.mp3,31_Higashiosaka.png,japan pref.png,34.8255921,135.6797494,"東大阪, Japan",大阪府
西宮,にしのみや,[sound:pronunciation_ja_西宮.ogg],32,485.705,"<img src=""32_Nishinomiya.png"">","<img src=""japan pref.png"">",西宮,pronunciation_ja_西宮.ogg,32_Nishinomiya.png,japan pref.png,34.7390409,135.3481514,"西宮, Japan",兵庫県
大分,おおいた,[sound:pronunciation_ja_大分.mp3],33,475.852,"<img src=""33_Oita.png"">","<img src=""japan pref.png"">",大分,pronunciation_ja_大分.mp3,33_Oita.png,japan pref.png,33.2326262,131.6060258,"大分, Japan",大分県
倉敷,くらしき,[sound:pronunciation_ja_倉敷.ogg],34,474.793,"<img src=""34_Kurashiki.png"">","<img src=""japan pref.png"">",倉敷,pronunciation_ja_倉敷.ogg,34_Kurashiki.png,japan pref.png,34.6018629,133.7658834,"倉敷, Japan",岡山県
金沢,かなざわ,[sound:pronunciation_ja_金沢.mp3],35,463.583,"<img src=""35_Kanazawa.png"">","<img src=""japan pref.png"">",金沢,pronunciation_ja_金沢.mp3,35_Kanazawa.png,japan pref.png,36.5780499,136.6480247,"金沢, Japan",石川県
福山[ふくやま],ふくやま,[sound:oddcast-2976e04a-65618266-081995bc-0df8f763-04bc6243.mp3],36,461.268,"<img src=""36_Fukuyama.png"">","<img src=""japan pref.png"">",福山,oddcast-2976e04a-65618266-081995bc-0df8f763-04bc6243.mp3,36_Fukuyama.png,japan pref.png,34.4896814,133.3624148,"福山, Japan",広島県
尼崎,あまがさき,[sound:pronunciation_ja_尼崎.ogg],37,459.717,"<img src=""37_Amagasaki.png"">","<img src=""japan pref.png"">",尼崎,pronunciation_ja_尼崎.ogg,37_Amagasaki.png,japan pref.png,34.7318596,135.4319353,"尼崎, Japan",兵庫県
藤沢,ふじさわ,[sound:pronunciation_ja_藤沢.mp3],38,437.155,"<img src=""38_Fujisawa.png"">","<img src=""japan pref.png"">",藤沢,pronunciation_ja_藤沢.mp3,38_Fujisawa.png,japan pref.png,35.3371805,139.4871854,"藤沢, Japan",神奈川県
町田,まちだ,[sound:pronunciation_ja_町田.mp3],39,431.525,"<img src=""39_Machida.png"">","<img src=""japan pref.png"">",町田,pronunciation_ja_町田.mp3,39_Machida.png,japan pref.png,35.5420722,139.4454358,"町田, Japan",東京都
柏,かしわ,[sound:pronunciation_ja_柏.ogg],40,426.552,"<img src=""40_Kashiwa.png"">","<img src=""japan pref.png"">",柏,pronunciation_ja_柏.ogg,40_Kashiwa.png,japan pref.png,35.8623916,139.9706966,"柏, Japan",千葉県
豊田,とよた,[sound:pronunciation_ja_豊田.ogg],41,422.511,"<img src=""41_Toyoda.png"">","<img src=""japan pref.png"">",豊田,pronunciation_ja_豊田.ogg,41_Toyoda.png,japan pref.png,35.6595146,139.3814849,"豊田, Japan",東京都
高松,たかまつ,[sound:pronunciation_ja_高松.mp3],42,417.803,"<img src=""42_Takamatsu.png"">","<img src=""japan pref.png"">",高松,pronunciation_ja_高松.mp3,42_Takamatsu.png,japan pref.png,34.3434474,134.0489373,"高松, Japan",香川県
富山,とやま,[sound:pronunciation_ja_富山.mp3],43,414.171,"<img src=""43_Toyama.png"">","<img src=""japan pref.png"">",富山,pronunciation_ja_富山.mp3,43_Toyama.png,japan pref.png,36.7016421,137.2127904,"富山, Japan",富山県
長崎,ながさき,[sound:pronunciation_ja_長崎.ogg],44,409.305,"<img src=""44_Nagasaki.png"">","<img src=""japan pref.png"">",長崎,pronunciation_ja_長崎.ogg,44_Nagasaki.png,japan pref.png,32.7520719,129.8686699,"長崎, Japan",長崎県
岐阜,ぎふ,[sound:pronunciation_ja_岐阜.mp3],45,402.742,"<img src=""45_Gifu.png"">","<img src=""japan pref.png"">",岐阜,pronunciation_ja_岐阜.mp3,45_Gifu.png,japan pref.png,35.4094858,136.7569769,"岐阜, Japan",岐阜県
豊中,とよなか,[sound:chrome_cWtp8nPoAV.mp3],46,401.818,"<img src=""46_Toyonaka.png"">","<img src=""japan pref.png"">",豊中,chrome_cWtp8nPoAV.mp3,46_Toyonaka.png,japan pref.png,34.7876402,135.4611542,"豊中, Japan",大阪府
宮崎,みやざき,[sound:pronunciation_ja_宮崎.ogg],47,401.591,"<img src=""47_Miyazaki.png"">","<img src=""japan pref.png"">",宮崎,pronunciation_ja_宮崎.ogg,47_Miyazaki.png,japan pref.png,31.9157601,131.4320258,"宮崎, Japan",宮崎県
枚方,ひらかた,[sound:pronunciation_ja_枚方.ogg],48,397.596,"<img src=""48_Hirakata.png"">","<img src=""japan pref.png"">",枚方,pronunciation_ja_枚方.ogg,48_Hirakata.png,japan pref.png,34.7084964,135.4998121,"枚方, Japan",大阪府
横須賀,よこすか,[sound:pronunciation_ja_横須賀.mp3],49,388.504,"<img src=""49_Yokosuka.png"">","<img src=""japan pref.png"">",横須賀,pronunciation_ja_横須賀.mp3,49_Yokosuka.png,japan pref.png,35.2841074,139.655214,"横須賀, Japan",神奈川県
吹田,すいた,[sound:pronunciation_ja_吹田.ogg],50,385.787,"<img src=""50_Suita.png"">","<img src=""japan pref.png"">",吹田,pronunciation_ja_吹田.ogg,50_Suita.png,japan pref.png,34.7631584,135.5235882,"吹田, Japan",大阪府
岡崎,おかざき,[sound:pronunciation_ja_岡崎.mp3],51,384.805,"<img src=""51_Okazaki.png"">","<img src=""japan pref.png"">",岡崎,pronunciation_ja_岡崎.mp3,51_Okazaki.png,japan pref.png,34.9256558,137.1574107,"岡崎, Japan",愛知県
一宮,いちのみや,[sound:pronunciation_ja_一宮.ogg],52,379.981,"<img src=""52_Ichinomiya.png"">","<img src=""japan pref.png"">",一宮,pronunciation_ja_一宮.ogg,52_Ichinomiya.png,japan pref.png,34.2831963,134.022584,"一宮, Japan",香川県
長野,ながの,[sound:pronunciation_ja_長野.mp3],53,373.251,"<img src=""53_Nagano.png"">","<img src=""japan pref.png"">",長野,pronunciation_ja_長野.mp3,53_Nagano.png,japan pref.png,36.6442745,138.1883615,"長野, Japan",長野県
高崎,たかさき,[sound:pronunciation_ja_高崎.ogg],54,373.218,"<img src=""54_Takasaki.png"">","<img src=""japan pref.png"">",高崎,pronunciation_ja_高崎.ogg,54_Takasaki.png,japan pref.png,36.3223804,139.0127191,"高崎, Japan",群馬県
豊橋,とよはし,[sound:pronunciation_ja_豊橋.mp3],55,372.134,"<img src=""55_Toyohashi.png"">","<img src=""japan pref.png"">",豊橋,pronunciation_ja_豊橋.mp3,55_Toyohashi.png,japan pref.png,34.7629034,137.3822523,"豊橋, Japan",愛知県
和歌山,わかやま,[sound:pronunciation_ja_和歌山.ogg],56,356.858,"<img src=""56_Wakayama.png"">","<img src=""japan pref.png"">",和歌山,pronunciation_ja_和歌山.ogg,56_Wakayama.png,japan pref.png,34.2322107,135.19158,"和歌山, Japan",和歌山県
奈良,なら,[sound:pronunciation_ja_奈良.mp3],57,354.833,"<img src=""57_Nara.png"">","<img src=""japan pref.png"">",奈良,pronunciation_ja_奈良.mp3,57_Nara.png,japan pref.png,34.6808117,135.8189414,"奈良, Japan",奈良県
川越,かわごえ,[sound:pronunciation_ja_川越.ogg],58,354.680,"<img src=""58_Kawagoe.png"">","<img src=""japan pref.png"">",川越,pronunciation_ja_川越.ogg,58_Kawagoe.png,japan pref.png,35.9070394,139.483315,"川越, Japan",埼玉県
高槻,たかつき,[sound:pronunciation_ja_高槻.ogg],59,352.876,"<img src=""59_Takatsuki.png"">","<img src=""japan pref.png"">",高槻,pronunciation_ja_高槻.ogg,59_Takatsuki.png,japan pref.png,34.8518109,135.6177858,"高槻, Japan",大阪府
大津,おおつ,[sound:pronunciation_ja_大津.ogg],60,345.202,"<img src=""60_Otsu.png"">","<img src=""japan pref.png"">",大津,pronunciation_ja_大津.ogg,60_Otsu.png,japan pref.png,35.0030494,135.8648951,"大津, Japan",滋賀県
所沢,ところざわ,[sound:pronunciation_ja_所沢.mp3],61,342.535,"<img src=""61_Tkorozawa.png"">","<img src=""japan pref.png"">",所沢,pronunciation_ja_所沢.mp3,61_Tkorozawa.png,japan pref.png,35.7873039,139.4734504,"所沢, Japan",埼玉県
越谷,こしがや,[sound:pronunciation_ja_越谷.mp3],62,341.765,"<img src=""62_Koshigaya.png"">","<img src=""japan pref.png"">",越谷,pronunciation_ja_越谷.mp3,62_Koshigaya.png,japan pref.png,35.8883843,139.7860737,"越谷, Japan",埼玉県
<a>磐</a><a>城</a>,いわき,[sound:pronunciation_ja_磐城.mp3],63,333.202,"<img src=""63_Iwaki.png"">","<img src=""japan pref.png"">",磐城,pronunciation_ja_磐城.mp3,63_Iwaki.png,japan pref.png,34.5113689,135.7108183,"磐城, Japan",奈良県
前橋,まえばし,[sound:pronunciation_ja_前橋.ogg],64,332.332,"<img src=""64_Maebashi.png"">","<img src=""japan pref.png"">",前橋,pronunciation_ja_前橋.ogg,64_Maebashi.png,japan pref.png,36.3832125,139.0726408,"前橋, Japan",群馬県
旭川,あさひかわ,[sound:pronunciation_ja_旭川.ogg],65,329.513,"<img src=""65_Asahikawa.png"">","<img src=""japan pref.png"">",旭川,pronunciation_ja_旭川.ogg,65_Asahikawa.png,japan pref.png,43.7627261,142.3586195,"旭川, Japan",北海道
郡山,こおりやま,[sound:pronunciation_ja_郡山.ogg],66,327.872,"<img src=""66_Koriyama.png"">","<img src=""japan pref.png"">",郡山,pronunciation_ja_郡山.ogg,66_Koriyama.png,japan pref.png,37.398488,140.388798,"郡山, Japan",福島県
高知,こうち,[sound:pronunciation_ja_高知.ogg],67,326.814,"<img src=""67_Kochi.png"">","<img src=""japan pref.png"">",高知,pronunciation_ja_高知.ogg,67_Kochi.png,japan pref.png,33.5671776,133.5436574,"高知, Japan",高知県
那覇,なは,[sound:pronunciation_ja_那覇.ogg],68,317.832,"<img src=""68_Naha.png"">","<img src=""japan pref.png"">",那覇,pronunciation_ja_那覇.ogg,68_Naha.png,japan pref.png,26.2122345,127.6791452,"那覇, Japan",沖縄県
春日井,かすがい,[sound:pronunciation_ja_春日井.mp3],69,308.832,"<img src=""69_Kasugai.png"">","<img src=""japan pref.png"">",春日井,pronunciation_ja_春日井.mp3,69_Kasugai.png,japan pref.png,35.2432237,136.985229,"春日井, Japan",愛知県
秋田,あきた,[sound:pronunciation_ja_秋田.mp3],70,307.885,"<img src=""70_Akita.png"">","<img src=""japan pref.png"">",秋田,pronunciation_ja_秋田.mp3,70_Akita.png,japan pref.png,39.7168833,140.1296657,"秋田, Japan",秋田県
四日市,よっかいち,[sound:pronunciation_ja_四日市.mp3],71,305.744,"<img src=""71_Yokkaichi.png"">","<img src=""japan pref.png"">",四日市,pronunciation_ja_四日市.mp3,71_Yokkaichi.png,japan pref.png,34.9630391,136.6302091,"四日市, Japan",三重県
明石,あかし,[sound:pronunciation_ja_明石.ogg],72,303.838,"<img src=""72_Akashi.png"">","<img src=""japan pref.png"">",明石,pronunciation_ja_明石.ogg,72_Akashi.png,japan pref.png,34.6491038,134.9927483,"明石, Japan",兵庫県
久留米,くるめ,[sound:pronunciation_ja_久留米.mp3],73,303.496,"<img src=""73_Kurume.png"">","<img src=""japan pref.png"">",久留米,pronunciation_ja_久留米.mp3,73_Kurume.png,japan pref.png,33.3206417,130.5014036,"久留米, Japan",福岡県
盛岡,もりおか,[sound:pronunciation_ja_盛岡.mp3],74,289.893,"<img src=""74_Morioka.png"">","<img src=""japan pref.png"">",盛岡,pronunciation_ja_盛岡.mp3,74_Morioka.png,japan pref.png,39.7021331,141.1545397,"盛岡, Japan",岩手県
茨木,いばらき,[sound:pronunciation_ja_茨木.ogg],75,288.014,"<img src=""75_Ibaragi.png"">","<img src=""japan pref.png"">",茨木,pronunciation_ja_茨木.ogg,75_Ibaragi.png,japan pref.png,34.8152105,135.5621146,"茨木, Japan",大阪府
福島,ふくしま,[sound:pronunciation_ja_福島.ogg],76,282.802,"<img src=""76_Fukushima.png"">","<img src=""japan pref.png"">",福島,pronunciation_ja_福島.ogg,76_Fukushima.png,japan pref.png,37.75454,140.4592144,"福島, Japan",福島県
青森,あおもり,[sound:pronunciation_ja_青森.mp3],77,275.340,"<img src=""77_Aomori.png"">","<img src=""japan pref.png"">",青森,pronunciation_ja_青森.mp3,77_Aomori.png,japan pref.png,40.8299247,140.7341384,"青森, Japan",青森県
津,つ,[sound:chrome_g3X8OXgG5K.mp3],78,274.759,"<img src=""78_Tsu.png"">","<img src=""japan pref.png"">",津,chrome_g3X8OXgG5K.mp3,78_Tsu.png,japan pref.png,34.7340274,136.5105649,"津, Japan",三重県
水戸,みと,[sound:pronunciation_ja_水戸.ogg],79,270.810,"<img src=""79_Mito.png"">","<img src=""japan pref.png"">",水戸,pronunciation_ja_水戸.ogg,79_Mito.png,japan pref.png,36.370781,140.4762395,"水戸, Japan",茨城県
市原,いちはら,[sound:chrome_AJH87sv3WO.mp3],80,269.653,"<img src=""80_Ichihara.png"">","<img src=""japan pref.png"">",市原,chrome_AJH87sv3WO.mp3,80_Ichihara.png,japan pref.png,35.0882999,135.7631122,"市原, Japan",京都府
長岡,ながおか,[sound:pronunciation_ja_長岡.mp3],81,267.115,"<img src=""81_Nagaoka.png"">","<img src=""japan pref.png"">",長岡,pronunciation_ja_長岡.mp3,81_Nagaoka.png,japan pref.png,37.4478778,138.8541667,"長岡, Japan",新潟県
八尾,やお,,82,264.654,"<img src=""82_Yao.png"">","<img src=""japan pref.png"">",八尾,,82_Yao.png,japan pref.png,34.6174493,135.5966055,"八尾, Japan",大阪府
府中,ふちゅう,[sound:pronunciation_ja_府中.mp3],83,262.932,"<img src=""83_Fuchu.png"">","<img src=""japan pref.png"">",府中,pronunciation_ja_府中.mp3,83_Fuchu.png,japan pref.png,35.672219,139.4800091,"府中, Japan",東京都
福井,ふくい,[sound:pronunciation_ja_福井.mp3],84,262.501,"<img src=""84_Fukui.png"">","<img src=""japan pref.png"">",福井,pronunciation_ja_福井.mp3,84_Fukui.png,japan pref.png,36.0618051,136.2231202,"福井, Japan",福井県
加古川,かこがわ,[sound:pronunciation_ja_加古川.ogg],85,260.988,"<img src=""85_Kakogawa.png"">","<img src=""japan pref.png"">",加古川,pronunciation_ja_加古川.ogg,85_Kakogawa.png,japan pref.png,34.9781099,134.974737,"加古川, Japan",兵庫県
平塚,ひらつか,[sound:pronunciation_ja_平塚.mp3],86,258.524,"<img src=""86_Hiratsuka.png"">","<img src=""japan pref.png"">",平塚,pronunciation_ja_平塚.mp3,86_Hiratsuka.png,japan pref.png,35.3274105,139.3492322,"平塚, Japan",神奈川県
下関,しものせき,[sound:pronunciation_ja_下関.ogg],87,255.199,"<img src=""87_shimonoseki.png"">","<img src=""japan pref.png"">",下関,pronunciation_ja_下関.ogg,87_shimonoseki.png,japan pref.png,33.9493851,130.9217895,"下関, Japan",山口県
徳島,とくしま,[sound:pronunciation_ja_徳島.mp3],88,252.364,"<img src=""88_Tokushima.png"">","<img src=""japan pref.png"">",徳島,pronunciation_ja_徳島.mp3,88_Tokushima.png,japan pref.png,34.0746743,134.5513898,"徳島, Japan",徳島県
函館,はこだて,[sound:pronunciation_ja_函館.ogg],89,251.271,"<img src=""89_Hakodate.png"">","<img src=""japan pref.png"">",函館,pronunciation_ja_函館.ogg,89_Hakodate.png,japan pref.png,41.7737872,140.7261884,"函館, Japan",北海道
草加,そうか,[sound:pronunciation_ja_草加.ogg],90,248.037,"<img src=""90_Souka.png"">","<img src=""japan pref.png"">",草加,pronunciation_ja_草加.ogg,90_Souka.png,japan pref.png,35.8282516,139.8033621,"草加, Japan",埼玉県
山形,やまがた,[sound:pronunciation_ja_山形.ogg],91,247.747,"<img src=""91_Yamagata.png"">","<img src=""japan pref.png"">",山形,pronunciation_ja_山形.ogg,91_Yamagata.png,japan pref.png,38.2484701,140.3278031,"山形, Japan",山形県
富士,ふじ,[sound:pronunciation_ja_富士.mp3],92,245.489,"<img src=""92_Fuji.png"">","<img src=""japan pref.png"">",富士,pronunciation_ja_富士.mp3,92_Fuji.png,japan pref.png,35.1514949,138.6509228,"富士, Japan",静岡県
佐世保,させぼ,[sound:pronunciation_ja_佐世保.ogg],93,243.387,"<img src=""93_Sasebo.png"">","<img src=""japan pref.png"">",佐世保,pronunciation_ja_佐世保.ogg,93_Sasebo.png,japan pref.png,33.1639237,129.7257649,"佐世保, Japan",長崎県
調布,ちょうふ,[sound:pronunciation_ja_調布.ogg],94,242.721,"<img src=""94_Chofu.png"">","<img src=""japan pref.png"">",調布,pronunciation_ja_調布.ogg,94_Chofu.png,japan pref.png,35.6517768,139.5448061,"調布, Japan",東京都
茅ケ崎,ちがさき,[sound:chrome_NKE2Jpc1U1.mp3],95,242.603,"<img src=""95_Chigasaki.png"">","<img src=""japan pref.png"">",茅ケ崎,chrome_NKE2Jpc1U1.mp3,95_Chigasaki.png,japan pref.png,35.3305173,139.4075327,"茅ケ崎, Japan",神奈川県
筑波,つくば,[sound:chrome_Kx8WoPCtNo.mp3],96,241.785,"<img src=""96_Tsukuba.png"">","<img src=""japan pref.png"">",筑波,chrome_Kx8WoPCtNo.mp3,96_Tsukuba.png,japan pref.png,36.0826496,140.1111943,"筑波, Japan",茨城県
松本,まつもと,[sound:pronunciation_ja_松本.mp3],97,241.337,"<img src=""97_Matsumoto.png"">","<img src=""japan pref.png"">",松本,pronunciation_ja_松本.mp3,97_Matsumoto.png,japan pref.png,36.2307332,137.9644409,"松本, Japan",長野県
大和,やまと,[sound:pronunciation_ja_大和.mp3],98,239.269,"<img src=""98_Yamato.png"">","<img src=""japan pref.png"">",大和,pronunciation_ja_大和.mp3,98_Yamato.png,japan pref.png,35.4699613,139.4614678,"大和, Japan",神奈川県
佐賀,さが,[sound:pronunciation_ja_佐賀.ogg],99,233.466,"<img src=""99_Saga.png"">","<img src=""japan pref.png"">",佐賀,pronunciation_ja_佐賀.ogg,99_Saga.png,japan pref.png,33.2641754,130.2974729,"佐賀, Japan",佐賀県
春日部,かすかべ,[sound:pronunciation_ja_春日部.ogg],100,229.767,"<img src=""100_Kasukabe.png"">","<img src=""japan pref.png"">",春日部,pronunciation_ja_春日部.ogg,100_Kasukabe.png,japan pref.png,35.980074,139.7520793,"春日部, Japan",埼玉県
寝屋川,ねやがわ,[sound:chrome_GKZGfdVjRq.mp3],101,229.749,"<img src=""101_Neyagawa.png"">","<img src=""japan pref.png"">",寝屋川,chrome_GKZGfdVjRq.mp3,101_Neyagawa.png,japan pref.png,34.7055838,135.6104161,"寝屋川, Japan",大阪府
上尾,あげお,[sound:pronunciation_ja_上尾.mp3],102,227.020,"<img src=""102_Ageo.png"">","<img src=""japan pref.png"">",上尾,pronunciation_ja_上尾.mp3,102_Ageo.png,japan pref.png,35.9733274,139.5884718,"上尾, Japan",埼玉県
宝塚,たからづか,[sound:pronunciation_ja_宝塚.mp3],103,226.658,"<img src=""103_Takarazuka.png"">","<img src=""japan pref.png"">",宝塚,pronunciation_ja_宝塚.mp3,103_Takarazuka.png,japan pref.png,34.8116243,135.3402463,"宝塚, Japan",兵庫県
厚木,あつぎ,[sound:pronunciation_ja_厚木.ogg],104,223.747,"<img src=""104_Atsugi.png"">","<img src=""japan pref.png"">",厚木,pronunciation_ja_厚木.ogg,104_Atsugi.png,japan pref.png,35.4433894,139.3783891,"厚木, Japan",神奈川県
八戸,はちのへ,[sound:pronunciation_ja_八戸.ogg],105,223.529,"<img src=""105_Hachinohe.png"">","<img src=""japan pref.png"">",八戸,pronunciation_ja_八戸.ogg,105_Hachinohe.png,japan pref.png,40.5093889,141.4311833,"八戸, Japan",青森県
太田,おおた,[sound:pronunciation_ja_太田.mp3],106,223.150,"<img src=""106_Ota.png"">","<img src=""japan pref.png"">",太田,pronunciation_ja_太田.mp3,106_Ota.png,japan pref.png,36.294102,139.3787733,"太田, Japan",群馬県
呉,くれ,[sound:chrome_7VAah6bkM5.mp3],107,214.717,"<img src=""107_Kure.png"">","<img src=""japan pref.png"">",呉,chrome_7VAah6bkM5.mp3,107_Kure.png,japan pref.png,34.244625,132.5574552,"呉, Japan",広島県
伊勢崎,いせさき,[sound:chrome_SHPYp4AOYX.mp3],108,211.975,"<img src=""108_Isesaki.png"">","<img src=""japan pref.png"">",伊勢崎,chrome_SHPYp4AOYX.mp3,108_Isesaki.png,japan pref.png,36.3267446,139.1938364,"伊勢崎, Japan",群馬県
西東京,にしとうきょう,[sound:chrome_WZTb4UJpmj.mp3],109,207.389,"<img src=""109_Nishitokyo.png"">","<img src=""japan pref.png"">",西東京,chrome_WZTb4UJpmj.mp3,109_Nishitokyo.png,japan pref.png,34.9741067,135.7516775,"西東京, Japan",京都府
松江,まつえ,[sound:pronunciation_ja_松江.ogg],110,203.779,"<img src=""110_Matsue.png"">","<img src=""japan pref.png"">",松江,pronunciation_ja_松江.ogg,110_Matsue.png,japan pref.png,35.4641187,133.0638426,"松江, Japan",島根県
流山,ながれやま,[sound:chrome_WBirz93TEg.mp3],111,199.960,"<img src=""111_Nagareyama.png"">","<img src=""japan pref.png"">",流山,chrome_WBirz93TEg.mp3,111_Nagareyama.png,japan pref.png,35.8554965,139.9016687,"流山, Japan",千葉県
八千代,やちよ,[sound:pronunciation_ja_八千代.ogg],112,199.597,"<img src=""112_Yachiyo.png"">","<img src=""japan pref.png"">",八千代,pronunciation_ja_八千代.ogg,112_Yachiyo.png,japan pref.png,37.9152263,139.0532748,"八千代, Japan",新潟県
小平,こだいら,[sound:pronunciation_ja_小平.ogg],113,198.977,"<img src=""113_Kodaira.png"">","<img src=""japan pref.png"">",小平,pronunciation_ja_小平.ogg,113_Kodaira.png,japan pref.png,35.7370404,139.4882532,"小平, Japan",東京都
伊丹,いたみ,[sound:pronunciation_ja_伊丹.mp3],114,198.244,"<img src=""114_Itami.png"">","<img src=""japan pref.png"">",伊丹,pronunciation_ja_伊丹.mp3,114_Itami.png,japan pref.png,34.7798693,135.4137851,"伊丹, Japan",兵庫県
東広島,ひがしひろしま,[sound:pronunciation_ja_東広島.ogg],115,196.755,"<img src=""115_Higashihiroshima.png"">","<img src=""japan pref.png"">",東広島,pronunciation_ja_東広島.ogg,115_Higashihiroshima.png,japan pref.png,34.3888993,132.7588789,"東広島, Japan",広島県
鈴鹿,すずか,[sound:pronunciation_ja_鈴鹿.mp3],116,195.742,"<img src=""116_Suzuka.png"">","<img src=""japan pref.png"">",鈴鹿,pronunciation_ja_鈴鹿.mp3,116_Suzuka.png,japan pref.png,34.8784912,136.5888447,"鈴鹿, Japan",三重県
三鷹,みたか,[sound:pronunciation_ja_三鷹.ogg],117,195.558,"<img src=""117_Mitaka.png"">","<img src=""japan pref.png"">",三鷹,pronunciation_ja_三鷹.ogg,117_Mitaka.png,japan pref.png,35.7027148,139.560901,"三鷹, Japan",東京都
熊谷,くまがい,[sound:pronunciation_ja_熊谷.ogg],118,194.439,"<img src=""118_Kumagai.png"">","<img src=""japan pref.png"">",熊谷,pronunciation_ja_熊谷.ogg,118_Kumagai.png,japan pref.png,36.1390715,139.390035,"熊谷, Japan",埼玉県
山口,やまぐち,[sound:pronunciation_ja_山口.mp3],119,194.110,"<img src=""119_Yamaguchi.png"">","<img src=""japan pref.png"">",山口,pronunciation_ja_山口.mp3,119_Yamaguchi.png,japan pref.png,34.1725428,131.4809337,"山口, Japan",山口県
岸和田,きしわだ,[sound:pronunciation_ja_岸和田.mp3],120,190.796,"<img src=""120_Kishiwada.png"">","<img src=""japan pref.png"">",岸和田,pronunciation_ja_岸和田.mp3,120_Kishiwada.png,japan pref.png,34.4603208,135.378105,"岸和田, Japan",大阪府
日野,ひの,[sound:pronunciation_ja_日野.ogg],121,190.261,"<img src=""121_Hino.png"">","<img src=""japan pref.png"">",日野,pronunciation_ja_日野.ogg,121_Hino.png,japan pref.png,35.679389,139.3938458,"日野, Japan",東京都
沼津,ぬまづ,[sound:pronunciation_ja_沼津.mp3],123,189.611,"<img src=""123_Numazu.png"">","<img src=""japan pref.png"">",沼津,pronunciation_ja_沼津.mp3,123_Numazu.png,japan pref.png,35.1031271,138.8593352,"沼津, Japan",静岡県
小田原,おだわら,[sound:pronunciation_ja_小田原.mp3],124,188.986,"<img src=""124_Odawara.png"">","<img src=""japan pref.png"">",小田原,pronunciation_ja_小田原.mp3,124_Odawara.png,japan pref.png,35.2561225,139.1545547,"小田原, Japan",神奈川県
鳥取,とっとり,[sound:pronunciation_ja_鳥取.ogg],125,188.614,"<img src=""125_Tottori.png"">","<img src=""japan pref.png"">",鳥取,pronunciation_ja_鳥取.ogg,125_Tottori.png,japan pref.png,35.4938705,134.2258759,"鳥取, Japan",鳥取県
安城,あんじょう,[sound:pronunciation_ja_安城.mp3],126,188.512,"<img src=""126_Anjo.png"">","<img src=""japan pref.png"">",安城,pronunciation_ja_安城.mp3,126_Anjo.png,japan pref.png,34.9601972,137.0871923,"安城, Japan",愛知県
上越,じょうえつ,[sound:pronunciation_ja_上越.ogg],127,188.119,"<img src=""127_Joetsu.png"">","<img src=""japan pref.png"">",上越,pronunciation_ja_上越.ogg,127_Joetsu.png,japan pref.png,43.8883609,142.9938233,"上越, Japan",北海道
立川,たちかわ,[sound:pronunciation_ja_立川.mp3],128,187.089,"<img src=""128_Tachikawa.png"">","<img src=""japan pref.png"">",立川,pronunciation_ja_立川.mp3,128_Tachikawa.png,japan pref.png,35.6979822,139.4135508,"立川, Japan",東京都
豊川,とよかわ,[sound:chrome_cZpsgaBygi.mp3],129,184.659,"<img src=""129_Toyakawa.png"">","<img src=""japan pref.png"">",豊川,chrome_cZpsgaBygi.mp3,129_Toyakawa.png,japan pref.png,34.9050142,137.5178878,"豊川, Japan",愛知県
和泉,いずみ,[sound:pronunciation_ja_和泉.mp3],130,184.634,"<img src=""130_Izumi.png"">","<img src=""japan pref.png"">",和泉,pronunciation_ja_和泉.mp3,130_Izumi.png,japan pref.png,35.6782189,139.6503888,"和泉, Japan",東京都
宇治,うじ,[sound:pronunciation_ja_宇治.ogg],131,179.783,"<img src=""131_Uji.png"">","<img src=""japan pref.png"">",宇治,pronunciation_ja_宇治.ogg,131_Uji.png,japan pref.png,34.8950117,135.8063772,"宇治, Japan",京都府
習志野,ならしの,[sound:pronunciation_ja_習志野.ogg],132,176.306,"<img src=""132_Narashino.png"">","<img src=""japan pref.png"">",習志野,pronunciation_ja_習志野.ogg,132_Narashino.png,japan pref.png,35.7151508,140.0427376,"習志野, Japan",千葉県
日立,ひたち,[sound:pronunciation_ja_日立.ogg],133,174.635,"<img src=""133_Hitachi.png"">","<img src=""japan pref.png"">",日立,pronunciation_ja_日立.ogg,133_Hitachi.png,japan pref.png,36.5908428,140.6620685,"日立, Japan",茨城県
出雲,いずも,[sound:pronunciation_ja_出雲.ogg],134,172.887,"<img src=""134_Izumo-a2f8ee68ca205b2f0016425db41c477efee14544.png"">","<img src=""japan pref.png"">",出雲,pronunciation_ja_出雲.ogg,134_Izumo-a2f8ee68ca205b2f0016425db41c477efee14544.png,japan pref.png,34.5277604,135.8899958,"出雲, Japan",奈良県
鎌倉,かまくら,[sound:pronunciation_ja_鎌倉.ogg],135,172.821,"<img src=""135_Kamakura.png"">","<img src=""japan pref.png"">",鎌倉,pronunciation_ja_鎌倉.ogg,135_Kamakura.png,japan pref.png,35.3192808,139.5469627,"鎌倉, Japan",神奈川県
浦安,うらやす,[sound:pronunciation_ja_浦安.ogg],136,171.424,"<img src=""136_Urayasu.png"">","<img src=""japan pref.png"">",浦安,pronunciation_ja_浦安.ogg,136_Urayasu.png,japan pref.png,35.6658445,139.8930133,"浦安, Japan",千葉県
苫小牧,とまこまい,[sound:pronunciation_ja_苫小牧.mp3],137,170.234,"<img src=""137_Tomakomai.png"">","<img src=""japan pref.png"">",苫小牧,pronunciation_ja_苫小牧.mp3,137_Tomakomai.png,japan pref.png,42.6396889,141.5967576,"苫小牧, Japan",北海道
西尾,にしお,[sound:pronunciation_ja_西尾.mp3],138,169.127,"<img src=""138_Nishio.png"">","<img src=""japan pref.png"">",西尾,pronunciation_ja_西尾.mp3,138_Nishio.png,japan pref.png,34.8639315,137.0577385,"西尾, Japan",愛知県
佐倉,さくら,[sound:pronunciation_ja_佐倉.mp3],139,168.858,"<img src=""139_Sakura.png"">","<img src=""japan pref.png"">",佐倉,pronunciation_ja_佐倉.mp3,139_Sakura.png,japan pref.png,35.7097793,140.2260675,"佐倉, Japan",千葉県
弘前,ひろさき,[sound:pronunciation_ja_弘前.mp3],140,168.564,"<img src=""140_Hirosaki.png"">","<img src=""japan pref.png"">",弘前,pronunciation_ja_弘前.mp3,140_Hirosaki.png,japan pref.png,40.5995511,140.4852086,"弘前, Japan",青森県
小山,こやま,[sound:pronunciation_ja_小山.ogg],141,166.791,"<img src=""141_Koyama.png"">","<img src=""japan pref.png"">",小山,pronunciation_ja_小山.ogg,141_Koyama.png,japan pref.png,36.3129364,139.8065054,"小山, Japan",栃木県
磐田,いわた,[sound:chrome_aMuaUCHsqG.mp3],142,166.744,"<img src=""142_Iwata.png"">","<img src=""japan pref.png"">",磐田,chrome_aMuaUCHsqG.mp3,142_Iwata.png,japan pref.png,34.706481,137.851285,"磐田, Japan",静岡県
帯広,おびひろ,[sound:pronunciation_ja_帯広.ogg],143,166.690,"<img src=""143_Obihiro.png"">","<img src=""japan pref.png"">",帯広,pronunciation_ja_帯広.ogg,143_Obihiro.png,japan pref.png,42.9181018,143.2020215,"帯広, Japan",北海道
高岡,たかおか,[sound:chrome_J0EZ1Xx1JG.mp3],144,166.513,"<img src=""144_Takaoka.png"">","<img src=""japan pref.png"">",高岡,chrome_J0EZ1Xx1JG.mp3,144_Takaoka.png,japan pref.png,36.7409476,137.0147762,"高岡, Japan",富山県
新座,にいざ,[sound:chrome_NC1REYZWTJ.mp3],145,166.104,"<img src=""145_Niiza.png"">","<img src=""japan pref.png"">",新座,chrome_NC1REYZWTJ.mp3,145_Niiza.png,japan pref.png,35.8037661,139.5561853,"新座, Japan",埼玉県
釧路,くしろ,[sound:pronunciation_ja_釧路.ogg],146,165.230,"<img src=""146_Kushiro.png"">","<img src=""japan pref.png"">",釧路,pronunciation_ja_釧路.ogg,146_Kushiro.png,japan pref.png,42.9906837,144.3820381,"釧路, Japan",北海道
宇部,うべ,[sound:chrome_7BtxOkSpza.mp3],147,162.707,"<img src=""147_Ube.png"">","<img src=""japan pref.png"">",宇部,chrome_7BtxOkSpza.mp3,147_Ube.png,japan pref.png,34.0032023,131.2220224,"宇部, Japan",山口県
秦野,はだの,[sound:pronunciation_ja_秦野.ogg],148,162.579,"<img src=""148_Hatano.png"">","<img src=""japan pref.png"">",秦野,pronunciation_ja_秦野.ogg,148_Hatano.png,japan pref.png,35.3702949,139.2257281,"秦野, Japan",神奈川県
都城,みやこのじょう,[sound:pronunciation_ja_都城.mp3],149,160.736,"<img src=""149_Miyakonojo.png"">","<img src=""japan pref.png"">",都城,pronunciation_ja_都城.mp3,149_Miyakonojo.png,japan pref.png,31.7365393,131.0744458,"都城, Japan",宮崎県
松阪,まつざか,[sound:chrome_HWaLp9yFna.mp3],150,159.231,"<img src=""150_Matsuzaka.png"">","<img src=""japan pref.png"">",松阪,chrome_HWaLp9yFna.mp3,150_Matsuzaka.png,japan pref.png,34.5769258,136.5358573,"松阪, Japan",三重県
大垣,おおがき,[sound:pronunciation_ja_大垣.mp3],151,158.342,"<img src=""151_Ogaki.png"">","<img src=""japan pref.png"">",大垣,pronunciation_ja_大垣.mp3,151_Ogaki.png,japan pref.png,35.3665988,136.6169241,"大垣, Japan",岐阜県
ひたちなか,ひたちなか,[sound:pronunciation_ja_ひたちなか.ogg],152,156.664,"<img src=""152_Hitachinaka.png"">","<img src=""japan pref.png"">",ひたちなか,pronunciation_ja_ひたちなか.ogg,152_Hitachinaka.png,japan pref.png,36.3926096,140.5296595,"ひたちなか, Japan",茨城県
栃木,とちぎ,[sound:pronunciation_ja_栃木.ogg],153,155.628,"<img src=""153_Tochigi.png"">","<img src=""japan pref.png"">",栃木,pronunciation_ja_栃木.ogg,153_Tochigi.png,japan pref.png,36.3717455,139.7313483,"栃木, Japan",栃木県
上田,うえだ,[sound:pronunciation_ja_上田.mp3],154,154.155,"<img src=""154_Ueda.png"">","<img src=""japan pref.png"">",上田,pronunciation_ja_上田.mp3,154_Ueda.png,japan pref.png,36.3967857,138.2484456,"上田, Japan",長野県
刈谷,かりや,[sound:pronunciation_ja_刈谷.mp3],155,153.926,"<img src=""155_Kariya.png"">","<img src=""japan pref.png"">",刈谷,pronunciation_ja_刈谷.mp3,155_Kariya.png,japan pref.png,34.9911125,137.0088756,"刈谷, Japan",愛知県
野田,のだ,[sound:pronunciation_ja_野田.ogg],157,152.674,"<img src=""157_Noda.png"">","<img src=""japan pref.png"">",野田,pronunciation_ja_野田.ogg,157_Noda.png,japan pref.png,40.1103223,141.8177344,"野田, Japan",岩手県
川西,かわにし,[sound:pronunciation_ja_川西.ogg],158,152.473,"<img src=""158_Kawanishi.png"">","<img src=""japan pref.png"">",川西,pronunciation_ja_川西.ogg,158_Kawanishi.png,japan pref.png,34.1566233,132.1773925,"川西, Japan",山口県
東村山,ひがしむらやま,[sound:pronunciation_ja_東村山.ogg],159,151.941,"<img src=""159_Higashimurayama.png"">","<img src=""japan pref.png"">",東村山,pronunciation_ja_東村山.ogg,159_Higashimurayama.png,japan pref.png,35.750799,139.3883679,"東村山, Japan",東京都
今治,いまばり,[sound:chrome_uXu6Hm4egQ.mp3],160,151.756,"<img src=""160_Imabari.png"">","<img src=""japan pref.png"">",今治,chrome_uXu6Hm4egQ.mp3,160_Imabari.png,japan pref.png,34.0641845,132.9936721,"今治, Japan",愛媛県
久喜,くき,[sound:pronunciation_ja_久喜.mp3],161,150.599,"<img src=""161_Kuki.png"">","<img src=""japan pref.png"">",久喜,pronunciation_ja_久喜.mp3,161_Kuki.png,japan pref.png,36.0656137,139.6775246,"久喜, Japan",埼玉県
武蔵野,むさしの,[sound:pronunciation_ja_武蔵野.mp3],162,150.102,"<img src=""162_Musashino.png"">","<img src=""japan pref.png"">",武蔵野,pronunciation_ja_武蔵野.mp3,162_Musashino.png,japan pref.png,35.7202101,139.3767428,"武蔵野, Japan",東京都
小牧,こまき,[sound:pronunciation_ja_小牧.mp3],163,149.033,"<img src=""163_Komaki.png"">","<img src=""japan pref.png"">",小牧,pronunciation_ja_小牧.mp3,163_Komaki.png,japan pref.png,35.2889092,136.928049,"小牧, Japan",愛知県
狭山,さやま,[sound:chrome_3FlN1ryT8R.mp3],164,148.712,"<img src=""164_Sayama.png"">","<img src=""japan pref.png"">",狭山,chrome_3FlN1ryT8R.mp3,164_Sayama.png,japan pref.png,34.5163526,135.5485085,"狭山, Japan",大阪府
米子,よなご,[sound:pronunciation_ja_米子.ogg],165,147.421,"<img src=""165_Yonago.png"">","<img src=""japan pref.png"">",米子,pronunciation_ja_米子.ogg,165_Yonago.png,japan pref.png,35.4233042,133.3367834,"米子, Japan",鳥取県
多摩,たま,[sound:pronunciation_ja_多摩.mp3],166,147.169,"<img src=""166_Tama.png"">","<img src=""japan pref.png"">",多摩,pronunciation_ja_多摩.mp3,166_Tama.png,japan pref.png,35.6769116,139.5172032,"多摩, Japan",東京都
入間,いるま,[sound:chrome_9qqX7jKewU.mp3],167,145.723,"<img src=""167_Iruma.png"">","<img src=""japan pref.png"">",入間,chrome_9qqX7jKewU.mp3,167_Iruma.png,japan pref.png,34.6309113,138.8098784,"入間, Japan",静岡県
足利,あしかが,[sound:pronunciation_ja_足利.mp3],168,144.796,"<img src=""168_Ashikaga.png"">","<img src=""japan pref.png"">",足利,pronunciation_ja_足利.mp3,168_Ashikaga.png,japan pref.png,36.3319671,139.4562493,"足利, Japan",栃木県
各務原,かかみがはら,[sound:pronunciation_ja_各務原.ogg],169,144.619,"<img src=""169_Kakamigahara.png"">","<img src=""japan pref.png"">",各務原,pronunciation_ja_各務原.ogg,169_Kakamigahara.png,japan pref.png,35.3995831,136.8485648,"各務原, Japan",岐阜県
草津,くさつ,[sound:pronunciation_ja_草津.ogg],170,143.958,"<img src=""170_Kusatsu.png"">","<img src=""japan pref.png"">",草津,pronunciation_ja_草津.ogg,170_Kusatsu.png,japan pref.png,35.0179088,135.96046,"草津, Japan",滋賀県
守口,もりぐち,[sound:chrome_XhjHl8Hrqi.mp3],171,143.063,"<img src=""171_Moriguchi.png"">","<img src=""japan pref.png"">",守口,chrome_XhjHl8Hrqi.mp3,171_Moriguchi.png,japan pref.png,34.7384668,135.5643827,"守口, Japan",大阪府
沖縄,おきなわ,[sound:pronunciation_ja_沖縄.mp3],172,142.840,"<img src=""172_Okinawa.png"">","<img src=""japan pref.png"">",沖縄,pronunciation_ja_沖縄.mp3,172_Okinawa.png,japan pref.png,26.5707754,128.0255901,"沖縄, Japan",沖縄県
三郷,みさと,[sound:anki_hVDKX8f6zU.mp3],173,142.177,"<img src=""173_Misato.png"">","<img src=""japan pref.png"">",三郷,anki_hVDKX8f6zU.mp3,173_Misato.png,japan pref.png,35.8450367,139.8857791,"三郷, Japan",埼玉県
土浦,つちうら,[sound:pronunciation_ja_土浦.ogg],174,142.160,"<img src=""174_Uchiura.png"">","<img src=""japan pref.png"">",土浦,pronunciation_ja_土浦.ogg,174_Uchiura.png,japan pref.png,36.0779952,140.2060155,"土浦, Japan",茨城県
藤枝,ふじえだ,[sound:chrome_jfUHEArqkI.mp3],175,141.385,"<img src=""175_Fujieda.png"">","<img src=""japan pref.png"">",藤枝,chrome_jfUHEArqkI.mp3,175_Fujieda.png,japan pref.png,34.8492732,138.2522644,"藤枝, Japan",静岡県
深谷,ふかや,[sound:pronunciation_ja_深谷.ogg],176,141.336,"<img src=""176_Fukaya.png"">","<img src=""japan pref.png"">",深谷,pronunciation_ja_深谷.ogg,176_Fukaya.png,japan pref.png,36.1915583,139.2810987,"深谷, Japan",埼玉県
朝霞,あさか,[sound:pronunciation_ja_朝霞.ogg],177,141.036,"<img src=""177_Asaka.png"">","<img src=""japan pref.png"">",朝霞,pronunciation_ja_朝霞.ogg,177_Asaka.png,japan pref.png,35.7966582,139.6003513,"朝霞, Japan",埼玉県
戸田,とだ,[sound:pronunciation_ja_戸田.mp3],178,140.868,"<img src=""178_Toda.png"">","<img src=""japan pref.png"">",戸田,pronunciation_ja_戸田.mp3,178_Toda.png,japan pref.png,35.1327513,136.8077457,"戸田, Japan",愛知県
石巻,いしのまき,[sound:pronunciation_ja_石巻.ogg],179,140.237,"<img src=""179_Ishinomaki.png"">","<img src=""japan pref.png"">",石巻,pronunciation_ja_石巻.ogg,179_Ishinomaki.png,japan pref.png,38.4352418,141.3038047,"石巻, Japan",宮城県
古河,ふるかわ,[sound:pronunciation_ja_古河.ogg],180,139.396,"<img src=""180_Furukawa.png"">","<img src=""japan pref.png"">",古河,pronunciation_ja_古河.ogg,180_Furukawa.png,japan pref.png,36.1945874,139.7095071,"古河, Japan",茨城県
桑名,くわな,[sound:pronunciation_ja_桑名.mp3],181,138.671,"<img src=""181_Kuwana.png"">","<img src=""japan pref.png"">",桑名,pronunciation_ja_桑名.mp3,181_Kuwana.png,japan pref.png,35.0671696,136.6837701,"桑名, Japan",三重県
周南,しゅうなん,[sound:chrome_s9UIaPFvBD.mp3],182,137.607,"<img src=""182_Shunan.png"">","<img src=""japan pref.png"">",周南,chrome_s9UIaPFvBD.mp3,182_Shunan.png,japan pref.png,34.0254158,131.8317031,"周南, Japan",山口県
箕面,みのお,[sound:pronunciation_ja_箕面.ogg],183,136.954,"<img src=""183_Mino.png"">","<img src=""japan pref.png"">",箕面,pronunciation_ja_箕面.ogg,183_Mino.png,japan pref.png,34.8347808,135.468244,"箕面, Japan",大阪府
焼津,やいづ,[sound:pronunciation_ja_焼津.mp3],184,136.891,"<img src=""184_Yaizu.png"">","<img src=""japan pref.png"">",焼津,pronunciation_ja_焼津.mp3,184_Yaizu.png,japan pref.png,34.8723182,138.3181727,"焼津, Japan",静岡県
海老名,えびな,[sound:pronunciation_ja_海老名.ogg],185,136.581,"<img src=""185_Ebina.png"">","<img src=""japan pref.png"">",海老名,pronunciation_ja_海老名.ogg,185_Ebina.png,japan pref.png,35.4543232,139.3894064,"海老名, Japan",神奈川県
木更津,きさらづ,[sound:pronunciation_ja_木更津.mp3],186,136.224,"<img src=""186_Kisarazu.png"">","<img src=""japan pref.png"">",木更津,pronunciation_ja_木更津.mp3,186_Kisarazu.png,japan pref.png,35.3815925,139.9261867,"木更津, Japan",千葉県
稲沢,いなざわ,[sound:chrome_QxrNey4B44.mp3],187,134.738,"<img src=""187_Inazawa.png"">","<img src=""japan pref.png"">",稲沢,chrome_QxrNey4B44.mp3,187_Inazawa.png,japan pref.png,35.2524307,136.8214158,"稲沢, Japan",愛知県
諫早,いさはや,[sound:chrome_y15bCXiims.mp3],188,133.957,"<img src=""188_Isahaya.png"">","<img src=""japan pref.png"">",諫早,chrome_y15bCXiims.mp3,188_Isahaya.png,japan pref.png,32.8515855,130.0414622,"諫早, Japan",長崎県
青梅,おうめ,[sound:chrome_eLiRdVz3q6.mp3],189,133.587,"<img src=""189_Ome.png"">","<img src=""japan pref.png"">",青梅,chrome_eLiRdVz3q6.mp3,189_Ome.png,japan pref.png,35.7904504,139.2583321,"青梅, Japan",東京都
成田,なりた,[sound:pronunciation_ja_成田.mp3],190,132.998,"<img src=""190_Narita.png"">","<img src=""japan pref.png"">",成田,pronunciation_ja_成田.mp3,190_Narita.png,japan pref.png,35.777909,140.313961,"成田, Japan",千葉県
座間,ざま,[sound:pronunciation_ja_座間.ogg],191,132.180,"<img src=""191_Zama.png"">","<img src=""japan pref.png"">",座間,pronunciation_ja_座間.ogg,191_Zama.png,japan pref.png,35.4807147,139.3999256,"座間, Japan",神奈川県
尾道,おのみち,[sound:pronunciation_ja_尾道.ogg],192,131.243,"<img src=""192_Onomichi.png"">","<img src=""japan pref.png"">",尾道,pronunciation_ja_尾道.ogg,192_Onomichi.png,japan pref.png,34.4048548,133.1930953,"尾道, Japan",広島県
我孫子,あびこ,[sound:pronunciation_ja_我孫子.mp3],193,130.590,"<img src=""193_Abiko.png"">","<img src=""japan pref.png"">",我孫子,pronunciation_ja_我孫子.mp3,193_Abiko.png,japan pref.png,35.872742,140.0107711,"我孫子, Japan",千葉県
国分寺,こくぶんじ,[sound:pronunciation_ja_国分寺.mp3],194,129.353,"<img src=""194_Kokubunji.png"">","<img src=""japan pref.png"">",国分寺,pronunciation_ja_国分寺.mp3,194_Kokubunji.png,japan pref.png,35.7002428,139.4803096,"国分寺, Japan",東京都
岩国,いわくに,[sound:pronunciation_ja_岩国.ogg],195,129.226,"<img src=""195_Iwakuni.png"">","<img src=""japan pref.png"">",岩国,pronunciation_ja_岩国.ogg,195_Iwakuni.png,japan pref.png,34.1717072,132.2255042,"岩国, Japan",山口県
富士宮,ふじのみや,[sound:pronunciation_ja_富士宮.ogg],196,128.147,"<img src=""196_Fujinomiya.png"">","<img src=""japan pref.png"">",富士宮,pronunciation_ja_富士宮.ogg,196_Fujinomiya.png,japan pref.png,35.2213204,138.614907,"富士宮, Japan",静岡県
瀬戸,せと,[sound:pronunciation_ja_瀬戸.mp3],197,127.869,"<img src=""197_Seto.png"">","<img src=""japan pref.png"">",瀬戸,pronunciation_ja_瀬戸.mp3,197_Seto.png,japan pref.png,34.7344138,134.0418841,"瀬戸, Japan",岡山県
大崎,おおさき,[sound:pronunciation_ja_大崎.ogg],198,127.381,"<img src=""198_Osaki.png"">","<img src=""japan pref.png"">",大崎,pronunciation_ja_大崎.ogg,198_Osaki.png,japan pref.png,35.6193903,139.7284866,"大崎, Japan",東京都
飯塚,いいづか,[sound:pronunciation_ja_飯塚.mp3],199,126.486,"<img src=""199_Iizuka.png"">","<img src=""japan pref.png"">",飯塚,pronunciation_ja_飯塚.mp3,199_Iizuka.png,japan pref.png,33.6286797,130.6895754,"飯塚, Japan",福岡県
小金井,こがねい,[sound:pronunciation_ja_小金井.mp3],200,126.253,"<img src=""200_Koganei.png"">","<img src=""japan pref.png"">",小金井,pronunciation_ja_小金井.mp3,200_Koganei.png,japan pref.png,36.3743446,139.8419693,"小金井, Japan",栃木県
うるま,うるま,[sound:chrome_qtOjgSReWh.mp3],201,125.406,"<img src=""201_Uruma.png"">","<img src=""japan pref.png"">",うるま,chrome_qtOjgSReWh.mp3,201_Uruma.png,japan pref.png,26.3791496,127.8573107,"うるま, Japan",沖縄県
霧島,きりしま,[sound:pronunciation_ja_霧島.ogg],202,123.205,"<img src=""202_Kirishima.png"">","<img src=""japan pref.png"">",霧島,pronunciation_ja_霧島.ogg,202_Kirishima.png,japan pref.png,24.7931954,141.3081295,"霧島, Japan",
八代,やつしろ,[sound:chrome_7FIdvDQYCE.mp3],203,123.146,"<img src=""203_Yatsushiro.png"">","<img src=""japan pref.png"">",八代,chrome_7FIdvDQYCE.mp3,203_Yatsushiro.png,japan pref.png,32.504005,130.6217417,"八代, Japan",熊本県
伊勢,いせ,[sound:pronunciation_ja_伊勢.ogg],204,122.855,"<img src=""204_Ise.png"">","<img src=""japan pref.png"">",伊勢,pronunciation_ja_伊勢.ogg,204_Ise.png,japan pref.png,35.837787,136.648485,"伊勢, Japan",福井県
鶴岡,つるおか,[sound:pronunciation_ja_鶴岡.ogg],205,122.454,"<img src=""205_Tsuruoka.png"">","<img src=""japan pref.png"">",鶴岡,pronunciation_ja_鶴岡.ogg,205_Tsuruoka.png,japan pref.png,38.7400487,139.8359746,"鶴岡, Japan",山形県
江別,えべつ,[sound:pronunciation_ja_江別.ogg],206,121.145,"<img src=""206_Ebetsu.png"">","<img src=""japan pref.png"">",江別,pronunciation_ja_江別.ogg,206_Ebetsu.png,japan pref.png,43.1105452,141.5572271,"江別, Japan",北海道
橿原,かしはら,[sound:chrome_uBN4whExUv.mp3],207,120.972,"<img src=""207_Kashihara.png"">","<img src=""japan pref.png"">",橿原,chrome_uBN4whExUv.mp3,207_Kashihara.png,japan pref.png,35.4695295,134.7757693,"橿原, Japan",兵庫県
門真,かどま,[sound:chrome_RHtawq4Qwg.mp3],208,119.807,"<img src=""208_Kadoma.png"">","<img src=""japan pref.png"">",門真,chrome_RHtawq4Qwg.mp3,208_Kadoma.png,japan pref.png,34.7391087,135.5740678,"門真, Japan",大阪府
大東,だいとう,[sound:chrome_EkEv9CnxXj.mp3],209,119.184,"<img src=""209_Daito.png"">","<img src=""japan pref.png"">",大東,chrome_EkEv9CnxXj.mp3,209_Daito.png,japan pref.png,35.0675424,133.9707509,"大東, Japan",岡山県
延岡,のべおか,[sound:pronunciation_ja_延岡.ogg],210,118.450,"<img src=""210_Nobeoka.png"">","<img src=""japan pref.png"">",延岡,pronunciation_ja_延岡.ogg,210_Nobeoka.png,japan pref.png,32.5898056,131.6722583,"延岡, Japan",宮崎県
半田,はんだ,[sound:pronunciation_ja_半田.mp3],211,117.925,"<img src=""211_Handa.png"">","<img src=""japan pref.png"">",半田,pronunciation_ja_半田.mp3,211_Handa.png,japan pref.png,34.8940196,136.9304529,"半田, Japan",愛知県
松原,まつばら,[sound:pronunciation_ja_松原.mp3],212,117.611,"<img src=""212_Matsubara.png"">","<img src=""japan pref.png"">",松原,pronunciation_ja_松原.mp3,212_Matsubara.png,japan pref.png,35.6633686,139.6492965,"松原, Japan",東京都
会津若松,あいづわかまつ,[sound:pronunciation_ja_会津若松.ogg],213,117.433,"<img src=""213_Aizuwakamatsu.png"">","<img src=""japan pref.png"">",会津若松,pronunciation_ja_会津若松.ogg,213_Aizuwakamatsu.png,japan pref.png,37.5085622,139.9301344,"会津若松, Japan",福島県
唐津,からつ,[sound:pronunciation_ja_唐津.mp3],214,117.431,"<img src=""214_Karatsu.png"">","<img src=""japan pref.png"">",唐津,pronunciation_ja_唐津.mp3,214_Karatsu.png,japan pref.png,33.4462729,129.9677507,"唐津, Japan",佐賀県
生駒,いこま,[sound:pronunciation_ja_生駒.ogg],215,116.951,"<img src=""215_Ikoma.png"">","<img src=""japan pref.png"">",生駒,pronunciation_ja_生駒.ogg,215_Ikoma.png,japan pref.png,34.6932355,135.6979211,"生駒, Japan",奈良県
鴻巣,こうのす,[sound:pronunciation_ja_鴻巣.mp3],216,116.864,"<img src=""216_Konosu.png"">","<img src=""japan pref.png"">",鴻巣,pronunciation_ja_鴻巣.mp3,216_Konosu.png,japan pref.png,36.0592587,139.5096876,"鴻巣, Japan",埼玉県
佐野,さの,[sound:pronunciation_ja_佐野.ogg],217,116.220,"<img src=""217_Sano.png"">","<img src=""japan pref.png"">",佐野,pronunciation_ja_佐野.ogg,217_Sano.png,japan pref.png,36.316813,139.5790659,"佐野, Japan",栃木県
新居浜,にいはま,[sound:chrome_Q4o1zbcgNx.mp3],218,116.005,"<img src=""218_Niihama.png"">","<img src=""japan pref.png"">",新居浜,chrome_Q4o1zbcgNx.mp3,218_Niihama.png,japan pref.png,33.9479803,133.2943345,"新居浜, Japan",愛媛県
浦添,うらぞえ,[sound:chrome_nAfVvw4TRF.mp3],219,115.741,"<img src=""219_Urazoe.png"">","<img src=""japan pref.png"">",浦添,chrome_nAfVvw4TRF.mp3,219_Urazoe.png,japan pref.png,33.6564936,130.6992576,"浦添, Japan",福岡県
北見,きたみ,[sound:pronunciation_ja_北見.ogg],220,115.608,"<img src=""220_Kitami.png"">","<img src=""japan pref.png"">",北見,pronunciation_ja_北見.ogg,220_Kitami.png,japan pref.png,43.8049279,143.8972642,"北見, Japan",北海道
別府,べっぷ,[sound:pronunciation_ja_別府.ogg],221,115.416,"<img src=""221_Beppo.png"">","<img src=""japan pref.png"">",別府,pronunciation_ja_別府.ogg,221_Beppo.png,japan pref.png,33.2795661,131.5004873,"別府, Japan",大分県
那須塩原,なすしおばら,[sound:pronunciation_ja_那須塩原.mp3],222,115.282,"<img src=""222_Nasushiobara.png"">","<img src=""japan pref.png"">",那須塩原,pronunciation_ja_那須塩原.mp3,222_Nasushiobara.png,japan pref.png,36.9315325,140.0210685,"那須塩原, Japan",栃木県
東久留米,ひがしくるめ,[sound:pronunciation_ja_東久留米.mp3],223,115.227,"<img src=""223_Higashikurume.png"">","<img src=""japan pref.png"">",東久留米,pronunciation_ja_東久留米.mp3,223_Higashikurume.png,japan pref.png,35.7602506,139.5340853,"東久留米, Japan",埼玉県
掛川,かけがわ,[sound:pronunciation_ja_掛川.mp3],224,114.989,"<img src=""224_Kakegawa.png"">","<img src=""japan pref.png"">",掛川,pronunciation_ja_掛川.mp3,224_Kakegawa.png,japan pref.png,34.7693974,138.0146156,"掛川, Japan",静岡県
廿日市,はつかいち,[sound:pronunciation_ja_廿日市.ogg],225,114.253,"<img src=""225_Hatsukaichi.png"">","<img src=""japan pref.png"">",廿日市,pronunciation_ja_廿日市.ogg,225_Hatsukaichi.png,japan pref.png,34.3580272,132.335674,"廿日市, Japan",広島県
昭島,あきしま,[sound:pronunciation_ja_昭島.mp3],226,114.053,"<img src=""226_Akishima.png"">","<img src=""japan pref.png"">",昭島,pronunciation_ja_昭島.mp3,226_Akishima.png,japan pref.png,35.7135703,139.3608938,"昭島, Japan",東京都
防府,ほうふ,[sound:chrome_aJ4T8CgmGV.mp3],227,114.038,"<img src=""227_Hofu.png"">","<img src=""japan pref.png"">",防府,chrome_aJ4T8CgmGV.mp3,227_Hofu.png,japan pref.png,34.0533394,131.5689276,"防府, Japan",山口県
東海,とうかい,[sound:pronunciation_ja_東海.ogg],228,113.838,"<img src=""228_Tokai.png"">","<img src=""japan pref.png"">",東海,pronunciation_ja_東海.ogg,228_Tokai.png,japan pref.png,36.465474,140.5657393,"東海, Japan",茨城県
長浜,ながはま,[sound:chrome_HFU5r7zNfE.mp3],229,113.719,"<img src=""229_Nagahama.png"">","<img src=""japan pref.png"">",長浜,chrome_HFU5r7zNfE.mp3,229_Nagahama.png,japan pref.png,35.3784578,136.2651919,"長浜, Japan",滋賀県
彦根,ひこね,[sound:pronunciation_ja_彦根.ogg],230,113.693,"<img src=""230_Hikone.png"">","<img src=""japan pref.png"">",彦根,pronunciation_ja_彦根.ogg,230_Hikone.png,japan pref.png,35.2717012,136.2634484,"彦根, Japan",滋賀県
ふじみ野,ふじみの,[sound:chrome_BYC6YNd0T8.mp3],231,113.640,"<img src=""231_Fujimino.png"">","<img src=""japan pref.png"">",ふじみ野,chrome_BYC6YNd0T8.mp3,231_Fujimino.png,japan pref.png,35.8608787,139.5231051,"ふじみ野, Japan",埼玉県
奥州,おうしゅう,[sound:pronunciation_ja_奥州.ogg],232,113.027,"<img src=""232_Oshu.png"">","<img src=""japan pref.png"">",奥州,pronunciation_ja_奥州.ogg,232_Oshu.png,japan pref.png,39.144275,141.1392382,"奥州, Japan",岩手県
東近江,ひがしおうみ,[sound:chrome_fiI3AW8o84.mp3],233,112.872,"<img src=""233_Higashiomi.png"">","<img src=""japan pref.png"">",東近江,chrome_fiI3AW8o84.mp3,233_Higashiomi.png,japan pref.png,35.112415,136.2073154,"東近江, Japan",滋賀県
一関,いちのぜき,[sound:pronunciation_ja_一関.ogg],234,111.970,"<img src=""234_Ichinozeki.png"">","<img src=""japan pref.png"">",一関,pronunciation_ja_一関.ogg,234_Ichinozeki.png,japan pref.png,32.8283049,131.0609599,"一関, Japan",熊本県
富士見,ふじみ,[sound:chrome_WhSu4gx8nQ.mp3],235,111.881,"<img src=""235_Fujimi.png"">","<img src=""japan pref.png"">",富士見,chrome_WhSu4gx8nQ.mp3,235_Fujimi.png,japan pref.png,35.6981288,139.7452456,"富士見, Japan",東京都
加須,かぞ,[sound:pronunciation_ja_加須.mp3],236,111.702,"<img src=""236_Kazo.png"">","<img src=""japan pref.png"">",加須,pronunciation_ja_加須.mp3,236_Kazo.png,japan pref.png,36.122974,139.595706,"加須, Japan",埼玉県
小樽,おたる,[sound:pronunciation_ja_小樽.mp3],237,111.422,"<img src=""237_Otaru.png"">","<img src=""japan pref.png"">",小樽,pronunciation_ja_小樽.mp3,237_Otaru.png,japan pref.png,43.1975603,140.9933209,"小樽, Japan",北海道
大牟田,おおむた,[sound:pronunciation_ja_大牟田.mp3],238,111.379,"<img src=""238_Omuta.png"">","<img src=""japan pref.png"">",大牟田,pronunciation_ja_大牟田.mp3,238_Omuta.png,japan pref.png,33.0299039,130.4433193,"大牟田, Japan",福岡県
春日,かすが,[sound:pronunciation_ja_春日.mp3],239,111.097,"<img src=""239_Kasuga.png"">","<img src=""japan pref.png"">",春日,pronunciation_ja_春日.mp3,239_Kasuga.png,japan pref.png,35.7084896,139.7527409,"春日, Japan",東京都
白山,はくさん,[sound:pronunciation_ja_白山.mp3],240,110.497,"<img src=""240_Hakusan.png"">","<img src=""japan pref.png"">",白山,pronunciation_ja_白山.mp3,240_Hakusan.png,japan pref.png,35.7215191,139.7521258,"白山, Japan",東京都
鎌ケ谷,かまがや,[sound:chrome_5U5vFagAGD.mp3],241,109.989,"<img src=""241_Kamagaya.png"">","<img src=""japan pref.png"">",鎌ケ谷,chrome_5U5vFagAGD.mp3,241_Kamagaya.png,japan pref.png,35.7494725,140.0071968,"鎌ケ谷, Japan",千葉県
丸亀,まるがめ,[sound:chrome_NATEbEyCPI.mp3],242,109.589,"<img src=""242_Marugame.png"">","<img src=""japan pref.png"">",丸亀,chrome_NATEbEyCPI.mp3,242_Marugame.png,japan pref.png,34.292045,133.792955,"丸亀, Japan",香川県
三田,みた,[sound:pronunciation_ja_三田.ogg],243,109.324,"<img src=""243_Mita.png"">","<img src=""japan pref.png"">",三田,pronunciation_ja_三田.ogg,243_Mita.png,japan pref.png,35.6467874,139.7414307,"三田, Japan",東京都
羽曳野,はびきの,[sound:chrome_nGf8l8m9UI.mp3],244,108.872,"<img src=""244_Habikino.png"">","<img src=""japan pref.png"">",羽曳野,chrome_nGf8l8m9UI.mp3,244_Habikino.png,japan pref.png,34.9741067,135.7516775,"羽曳野, Japan",京都府
富田林,とんだばやし,[sound:chrome_zbJIdXgDCJ.mp3],245,108.768,"<img src=""245_Tondabayashi.png"">","<img src=""japan pref.png"">",富田林,chrome_zbJIdXgDCJ.mp3,245_Tondabayashi.png,japan pref.png,34.5045286,135.6010146,"富田林, Japan",大阪府
三島,みしま,[sound:pronunciation_ja_三島.ogg],246,107.851,"<img src=""246_Mishima.png"">","<img src=""japan pref.png"">",三島,pronunciation_ja_三島.ogg,246_Mishima.png,japan pref.png,35.1264176,138.9114761,"三島, Japan",静岡県
多治見,たじみ,[sound:pronunciation_ja_多治見.mp3],247,106.810,"<img src=""247_Tajimi.png"">","<img src=""japan pref.png"">",多治見,pronunciation_ja_多治見.mp3,247_Tajimi.png,japan pref.png,35.3351999,137.1208133,"多治見, Japan",岐阜県
桐生,きりゅう,[sound:pronunciation_ja_桐生.ogg],248,106.524,"<img src=""248_Kiryu.png"">","<img src=""japan pref.png"">",桐生,pronunciation_ja_桐生.ogg,248_Kiryu.png,japan pref.png,36.4113225,139.3326744,"桐生, Japan",群馬県
小松,こまつ,[sound:pronunciation_ja_小松.mp3],249,106.292,"<img src=""249_Komatsu.png"">","<img src=""japan pref.png"">",小松,pronunciation_ja_小松.mp3,249_Komatsu.png,japan pref.png,36.4018391,136.4528145,"小松, Japan",石川県
池田,いけだ,[sound:pronunciation_ja_池田.ogg],250,105.017,"<img src=""250_Ikeda.png"">","<img src=""japan pref.png"">",池田,pronunciation_ja_池田.ogg,250_Ikeda.png,japan pref.png,42.9214578,143.4532084,"池田, Japan",北海道
西条,さいじょう,[sound:chrome_ewUsZGWoCH.mp3],251,104.879,"<img src=""251_Saijo.png"">","<img src=""japan pref.png"">",西条,chrome_ewUsZGWoCH.mp3,251_Saijo.png,japan pref.png,34.4313263,132.7436714,"西条, Japan",広島県
取手,とりで,[sound:pronunciation_ja_取手.ogg],252,104.545,"<img src=""252_Toride.png"">","<img src=""japan pref.png"">",取手,pronunciation_ja_取手.ogg,252_Toride.png,japan pref.png,35.8975067,140.0638828,"取手, Japan",茨城県
筑紫野,ちくしの,[sound:chrome_ag16sTM2IJ.mp3],253,103.374,"<img src=""253_Chikushino.png"">","<img src=""japan pref.png"">",筑紫野,chrome_ag16sTM2IJ.mp3,253_Chikushino.png,japan pref.png,33.4874888,130.5258812,"筑紫野, Japan",福岡県
印西,いんざい,[sound:chrome_5zI3sggDJh.mp3],254,102.651,"<img src=""254_Inzai.png"">","<img src=""japan pref.png"">",印西,chrome_5zI3sggDJh.mp3,254_Inzai.png,japan pref.png,35.8322582,140.1452981,"印西, Japan",千葉県
大野城,おおのじょう,[sound:chrome_LkR73MFAnt.mp3],255,102.172,"<img src=""255_Onojo.png"">","<img src=""japan pref.png"">",大野城,chrome_LkR73MFAnt.mp3,255_Onojo.png,japan pref.png,33.5255552,130.479527,"大野城, Japan",福岡県
伊勢原,いせはら,[sound:chrome_zpJqAWPQe2.mp3],256,101.839,"<img src=""256_Isehara.png"">","<img src=""japan pref.png"">",伊勢原,chrome_zpJqAWPQe2.mp3,256_Isehara.png,japan pref.png,35.3959932,139.3135001,"伊勢原, Japan",神奈川県
河内長野,かわちながの,[sound:chrome_k5Lx0KS9sX.mp3],257,101.764,"<img src=""257_Kawachinagano.png"">","<img src=""japan pref.png"">",河内長野,chrome_k5Lx0KS9sX.mp3,257_Kawachinagano.png,japan pref.png,34.4575979,135.5643131,"河内長野, Japan",大阪府
鹿屋,かのや,[sound:chrome_0oVzcY2P4A.mp3],258,101.204,"<img src=""258_Kanoya.png"">","<img src=""japan pref.png"">",鹿屋,chrome_0oVzcY2P4A.mp3,258_Kanoya.png,japan pref.png,34.7279413,135.3038324,"鹿屋, Japan",兵庫県
筑西,ちくせい,[sound:pronunciation_ja_筑西.ogg],259,100.819,"<img src=""259_Chikusei.png"">","<img src=""japan pref.png"">",筑西,pronunciation_ja_筑西.ogg,259_Chikusei.png,japan pref.png,34.7073333,135.4951888,"筑西, Japan",大阪府
酒田,さかた,[sound:pronunciation_ja_酒田.ogg],260,100.320,"<img src=""260_Sakata.png"">","<img src=""japan pref.png"">",酒田,pronunciation_ja_酒田.ogg,260_Sakata.png,japan pref.png,38.9219999,139.8460919,"酒田, Japan",山形県
坂戸,さかど,[sound:pronunciation_ja_坂戸.mp3],261,100.300,"<img src=""261_Sakado.png"">","<img src=""japan pref.png"">",坂戸,pronunciation_ja_坂戸.mp3,261_Sakado.png,japan pref.png,35.9570602,139.3937702,"坂戸, Japan",埼玉県
宜野湾,ぎのわん,[sound:chrome_EmUd7VePX8.mp3],262,100.192,"<img src=""262_Ginowan.png"">","<img src=""japan pref.png"">",宜野湾,chrome_EmUd7VePX8.mp3,262_Ginowan.png,japan pref.png,26.270245,127.754067,"宜野湾, Japan",沖縄県
泉佐野,いずみさの,[sound:chrome_bh1Bxeccek.mp3],263,100.182,"<img src=""263_Izumisano.png"">","<img src=""japan pref.png"">",泉佐野,chrome_bh1Bxeccek.mp3,263_Izumisano.png,japan pref.png,34.4112447,135.3169405,"泉佐野, Japan",大阪府
可児,かに,[sound:chrome_FuHCvfMSRZ.mp3],264,100.037,"<img src=""264_Kani.png"">","<img src=""japan pref.png"">",可児,chrome_FuHCvfMSRZ.mp3,264_Kani.png,japan pref.png,35.4225491,137.0553993,"可児, Japan",岐阜県
甲府,こうふ,[sound:pronunciation_ja_甲府.ogg],122,189.742,"<img src=""122_Kofu.png"">","<img src=""japan pref.png"">",甲府,pronunciation_ja_甲府.ogg,122_Kofu.png,japan pref.png,35.6673798,138.5690672,"甲府, Japan",山梨県
